bmi,gender,is_training,name
34.2073961938,Male,1,img_0.bmp
26.4537197232,Male,1,img_1.bmp
34.9675605536,Female,1,img_2.bmp
22.044766436,Female,1,img_3.bmp
25.8455882353,Female,1,img_6.bmp
21.740700692,Female,1,img_7.bmp
30.6158579882,Female,1,img_8.bmp
26.7888757396,Female,1,img_9.bmp
38.7327823691,Male,1,img_10.bmp
30.8248393021,Male,1,img_11.bmp
41.3988888889,Male,1,img_12.bmp
31.0491666667,Male,1,img_13.bmp
35.5613965483,Male,1,img_14.bmp
25.7994445547,Male,1,img_15.bmp
33.199527745,Male,1,img_16.bmp
23.5953786473,Male,1,img_17.bmp
41.2094594595,Male,1,img_18.bmp
21.3108108108,Male,1,img_19.bmp
26.6224852071,Male,1,img_20.bmp
21.6307692308,Male,1,img_21.bmp
41.8090397924,Male,1,img_22.bmp
22.3488321799,Male,1,img_23.bmp
33.8112792969,Female,1,img_24.bmp
24.8864746094,Female,1,img_25.bmp
35.549342838,Male,1,img_26.bmp
30.8511918022,Male,1,img_27.bmp
31.4511657215,Male,1,img_28.bmp
20.3768115942,Male,1,img_29.bmp
33.9023919753,Male,1,img_30.bmp
27.7999614198,Male,1,img_31.bmp
31.4703856749,Female,1,img_32.bmp
23.4010560147,Female,1,img_33.bmp
29.2252456538,Female,1,img_34.bmp
22.1403376165,Female,1,img_35.bmp
31.1667387543,Female,1,img_36.bmp
22.044766436,Female,1,img_37.bmp
41.6866203791,Male,1,img_38.bmp
36.2779133046,Male,1,img_39.bmp
28.8904109589,Male,1,img_41.bmp
43.5334959655,Male,1,img_42.bmp
35.6183148808,Male,1,img_43.bmp
36.4878892734,Male,1,img_44.bmp
25.8455882353,Male,1,img_45.bmp
37.9321563182,Male,1,img_46.bmp
30.4015076374,Male,1,img_47.bmp
44.0731095679,Male,1,img_48.bmp
40.6828703704,Male,1,img_49.bmp
27.8220155709,Male,1,img_50.bmp
21.2846020761,Male,1,img_51.bmp
36.4878892734,Male,1,img_52.bmp
27.365916955,Male,1,img_53.bmp
35.7277249135,Female,1,img_54.bmp
21.2846020761,Female,1,img_55.bmp
37.9258494031,Female,1,img_56.bmp
23.4010560147,Female,1,img_57.bmp
38.2736816406,Female,1,img_58.bmp
29.1772460938,Female,1,img_59.bmp
30.2446222222,Male,1,img_60.bmp
21.9960888889,Male,1,img_61.bmp
33.2990677753,Female,1,img_62.bmp
23.9115646259,Female,1,img_63.bmp
37.5852082869,Male,1,img_64.bmp
26.6228558699,Male,1,img_65.bmp
51.4892578125,Female,1,img_66.bmp
25.7446289062,Female,1,img_67.bmp
41.6866203791,Male,1,img_68.bmp
29.5500093826,Male,1,img_69.bmp
37.9736842105,Male,1,img_70.bmp
31.8881578947,Male,1,img_71.bmp
41.9701492537,Male,1,img_72.bmp
26.3096458008,Male,1,img_73.bmp
51.4892578125,Female,1,img_74.bmp
24.0283203125,Female,1,img_75.bmp
31.9469822485,Female,1,img_76.bmp
25.1249704142,Female,1,img_77.bmp
39.9342838049,Male,1,img_78.bmp
32.8870572511,Male,1,img_79.bmp
39.4644687013,Female,1,img_80.bmp
26.936065939,Female,1,img_81.bmp
46.25,Male,1,img_82.bmp
29.2105263158,Male,1,img_83.bmp
41.5003341501,Female,1,img_84.bmp
30.8511918022,Female,1,img_85.bmp
38.0082179931,Female,1,img_87.bmp
53.6907359651,Male,1,img_88.bmp
34.1668319778,Male,1,img_89.bmp
49.7411555556,Male,1,img_90.bmp
40.3678222222,Male,1,img_91.bmp
35.1426170972,Female,1,img_92.bmp
37.2438964844,Female,1,img_94.bmp
32.6098632812,Female,1,img_95.bmp
42.2631952663,Male,1,img_96.bmp
29.950295858,Male,1,img_97.bmp
29.285855981,Male,1,img_98.bmp
25.1021622694,Male,1,img_99.bmp
29.8341049383,Male,1,img_100.bmp
24.4097222222,Male,1,img_101.bmp
37.2438964844,Female,1,img_102.bmp
32.0949707031,Female,1,img_103.bmp
42.2408267906,Male,1,img_104.bmp
30.7513219035,Male,1,img_105.bmp
29.8341049383,Male,1,img_106.bmp
24.4097222222,Male,1,img_107.bmp
35.15,Female,1,img_108.bmp
25.6810204082,Female,1,img_109.bmp
37.5521193772,Male,1,img_110.bmp
28.4301470588,Male,1,img_111.bmp
34.0789473684,Male,1,img_114.bmp
25.5592105263,Male,1,img_115.bmp
39.1554054054,Male,1,img_116.bmp
28.2432432432,Male,1,img_117.bmp
33.8112792969,Female,1,img_118.bmp
27.4609375,Female,1,img_119.bmp
35.8009259259,Male,1,img_120.bmp
23.8672839506,Male,1,img_121.bmp
38.0082179931,Female,1,img_122.bmp
32.5350346021,Female,1,img_123.bmp
38.0082179931,Female,1,img_124.bmp
29.7984429066,Female,1,img_125.bmp
36.6059171598,Female,1,img_126.bmp
29.6175147929,Female,1,img_127.bmp
43.2315016862,Male,1,img_128.bmp
32.074985122,Male,1,img_129.bmp
38.312283737,Female,1,img_130.bmp
26.9098183391,Female,1,img_131.bmp
36.9587881488,Female,1,img_132.bmp
30.6945867677,Female,1,img_133.bmp
47.0565200617,Male,1,img_134.bmp
37.2926311728,Male,1,img_135.bmp
42.0825456837,Male,1,img_136.bmp
37.8004620878,Male,1,img_137.bmp
54.0287369125,Female,1,img_138.bmp
46.5116952551,Female,1,img_139.bmp
34.9675605536,Male,1,img_140.bmp
32.5350346021,Male,1,img_141.bmp
43.3293685121,Female,1,img_142.bmp
24.3252595156,Female,1,img_143.bmp
31.6342169748,Female,1,img_144.bmp
26.936065939,Female,1,img_145.bmp
37.597110152,Male,1,img_146.bmp
23.7455432539,Male,1,img_147.bmp
47.4633487654,Male,1,img_148.bmp
31.8682484568,Male,1,img_149.bmp
29.5628858025,Male,1,img_150.bmp
27.1219135802,Male,1,img_151.bmp
38.2434362529,Male,1,img_152.bmp
27.0214240706,Male,1,img_153.bmp
59.4894222222,Male,1,img_154.bmp
34.4938666667,Male,1,img_155.bmp
37.7587890625,Female,1,img_156.bmp
25.7446289062,Female,1,img_157.bmp
28.6456626759,Male,1,img_158.bmp
25.2495274102,Male,1,img_159.bmp
25.8218549128,Male,1,img_160.bmp
19.3663911846,Male,1,img_161.bmp
34.4043268221,Male,1,img_162.bmp
28.0550304558,Male,1,img_163.bmp
29.527027027,Male,1,img_164.bmp
25.6756756757,Male,1,img_165.bmp
36.4878892734,Male,1,img_166.bmp
25.8455882353,Male,1,img_167.bmp
36.1263888889,Male,1,img_168.bmp
30.2680555556,Male,1,img_169.bmp
26.5784499055,Male,1,img_170.bmp
25.1018693552,Male,1,img_171.bmp
25.4990817264,Male,1,img_172.bmp
22.9168962351,Male,1,img_173.bmp
33.1191111111,Male,1,img_174.bmp
28.7448888889,Male,1,img_175.bmp
28.12,Male,1,img_176.bmp
21.6211555556,Male,1,img_177.bmp
38.2434362529,Male,1,img_178.bmp
27.9073724008,Male,1,img_179.bmp
34.4043268221,Male,1,img_180.bmp
25.9878176854,Male,1,img_181.bmp
31.4209816158,Male,1,img_182.bmp
24.306797099,Male,1,img_183.bmp
29.5316110061,Male,1,img_184.bmp
26.5784499055,Male,1,img_185.bmp
25.1021622694,Male,1,img_186.bmp
24.4048799841,Male,1,img_187.bmp
26.6228558699,Male,1,img_188.bmp
24.273780352,Male,1,img_189.bmp
31.8941398866,Male,1,img_190.bmp
24.6588951901,Male,1,img_191.bmp
30.6804205515,Male,1,img_192.bmp
25.1021622694,Male,1,img_193.bmp
29.8341049383,Male,1,img_194.bmp
23.4604552469,Male,1,img_195.bmp
27.669982699,Male,1,img_196.bmp
24.6293252595,Male,1,img_197.bmp
24.36357908,Male,1,img_198.bmp
23.6252888049,Male,1,img_199.bmp
31.0361842105,Male,1,img_200.bmp
26.1677631579,Male,1,img_201.bmp
23.6724489796,Male,1,img_202.bmp
22.9551020408,Male,1,img_203.bmp
24.3252595156,Male,1,img_204.bmp
23.1089965398,Male,1,img_205.bmp
24.0211937716,Male,1,img_206.bmp
22.6528979239,Male,1,img_207.bmp
37.5051459777,Male,1,img_208.bmp
31.0081915564,Male,1,img_209.bmp
23.7455432539,Male,1,img_210.bmp
22.4263464065,Male,1,img_211.bmp
30.1285714286,Male,1,img_212.bmp
25.8244897959,Male,1,img_213.bmp
28.1260813149,Male,1,img_214.bmp
26.4537197232,Male,1,img_215.bmp
26.1114285714,Male,1,img_216.bmp
21.5204081633,Male,1,img_217.bmp
26.7577854671,Male,1,img_218.bmp
21.4366349481,Male,1,img_219.bmp
35.8673469388,Male,1,img_220.bmp
31.2763265306,Male,1,img_221.bmp
28.2426538108,Female,1,img_222.bmp
23.4010560147,Female,1,img_223.bmp
32.979921186,Male,1,img_224.bmp
24.4051416776,Male,1,img_225.bmp
34.6621621622,Male,1,img_226.bmp
23.75,Male,1,img_227.bmp
35.2584876543,Male,1,img_228.bmp
27.1219135802,Male,1,img_229.bmp
27.8912914104,Male,1,img_230.bmp
24.4048799841,Male,1,img_231.bmp
36.2586788336,Male,1,img_232.bmp
24.4048799841,Male,1,img_233.bmp
47.2014285714,Female,1,img_234.bmp
25.8244897959,Female,1,img_235.bmp
33.4955632716,Female,1,img_236.bmp
24.4097222222,Female,1,img_237.bmp
36.1762234825,Male,1,img_240.bmp
28.7933207309,Male,1,img_241.bmp
41.6238347191,Female,1,img_242.bmp
35.7787855883,Female,1,img_243.bmp
44.3471533426,Male,1,img_244.bmp
33.0511803214,Male,1,img_245.bmp
32.8870572511,Female,1,img_246.bmp
28.9719313878,Female,1,img_247.bmp
31.1902006173,Male,1,img_248.bmp
25.0877700617,Male,1,img_249.bmp
39.7673372781,Female,1,img_250.bmp
27.2880473373,Female,1,img_251.bmp
43.3950617284,Male,1,img_252.bmp
34.9872685185,Male,1,img_253.bmp
44.7511574074,Male,1,img_254.bmp
38.6487268519,Male,1,img_255.bmp
42.0629552549,Male,1,img_256.bmp
35.6620707596,Male,1,img_257.bmp
31.9269031142,Male,1,img_258.bmp
25.5415224913,Male,1,img_259.bmp
37.1184,Male,1,img_260.bmp
32.9941333333,Male,1,img_261.bmp
35.7277249135,Male,1,img_262.bmp
27.9740484429,Male,1,img_263.bmp
35.2584876543,Female,1,img_264.bmp
24.4097222222,Female,1,img_265.bmp
26.3096458008,Female,1,img_266.bmp
19.5756293161,Female,1,img_267.bmp
35.4369387755,Male,1,img_268.bmp
24.3897959184,Male,1,img_269.bmp
35.4245401864,Female,1,img_270.bmp
26.5684051398,Female,1,img_271.bmp
37.597110152,Male,1,img_272.bmp
26.5158566335,Male,1,img_273.bmp
46.3700259516,Male,1,img_274.bmp
30.2545415225,Male,1,img_275.bmp
34.3688888889,Male,1,img_276.bmp
30.9944888889,Male,1,img_277.bmp
33.7714392944,Male,1,img_278.bmp
30.4734471758,Male,1,img_279.bmp
48.8102833552,Male,1,img_280.bmp
36.9375117283,Male,1,img_281.bmp
44.6240234375,Female,1,img_282.bmp
32.953125,Female,1,img_283.bmp
34.2991180334,Male,1,img_284.bmp
26.1200975793,Male,1,img_285.bmp
25.8401596303,Female,1,img_286.bmp
17.7189666037,Female,1,img_287.bmp
27.5624860771,Male,1,img_288.bmp
24.1171753174,Male,1,img_289.bmp
35.6186666667,Male,1,img_290.bmp
29.3697777778,Male,1,img_291.bmp
31.7960722079,Female,1,img_292.bmp
27.7518349534,Female,1,img_293.bmp
32.0038580247,Male,1,img_294.bmp
23.7316743827,Male,1,img_295.bmp
40.7730263158,Male,1,img_296.bmp
37.0,Male,1,img_297.bmp
40.0540540541,Male,1,img_298.bmp
25.4189189189,Male,1,img_299.bmp
37.072265625,Female,1,img_302.bmp
31.7517089844,Female,1,img_303.bmp
51.7125164196,Male,1,img_304.bmp
35.4863951961,Male,1,img_305.bmp
33.9023919753,Male,1,img_306.bmp
28.4780092593,Male,1,img_307.bmp
37.9928692062,Male,1,img_308.bmp
51.4892578125,Female,1,img_310.bmp
38.6169433594,Female,1,img_311.bmp
27.3167401806,Male,1,img_312.bmp
24.5112371351,Male,1,img_313.bmp
38.6169433594,Female,1,img_314.bmp
30.0354003906,Female,1,img_315.bmp
44.6756756757,Male,1,img_316.bmp
26.7027027027,Male,1,img_317.bmp
34.0553633218,Female,1,img_318.bmp
29.4943771626,Female,1,img_319.bmp
32.7722674073,Male,1,img_320.bmp
27.8912914104,Male,1,img_321.bmp
40.8243243243,Male,1,img_322.bmp
36.972972973,Male,1,img_323.bmp
39.9337278107,Female,1,img_324.bmp
23.2946745562,Female,1,img_325.bmp
43.7422222222,Male,1,img_326.bmp
33.744,Male,1,img_327.bmp
36.8716326531,Male,1,img_328.bmp
26.6853061224,Male,1,img_329.bmp
43.8917793965,Female,1,img_330.bmp
31.8215400624,Female,1,img_331.bmp
30.4065743945,Male,1,img_332.bmp
26.6057525952,Male,1,img_333.bmp
36.9375117283,Male,1,img_334.bmp
23.8774629386,Male,1,img_335.bmp
42.0823794333,Male,1,img_336.bmp
26.9116156877,Male,1,img_337.bmp
26.6287878788,Female,1,img_338.bmp
20.1733241506,Female,1,img_339.bmp
32.979921186,Male,1,img_340.bmp
25.7243385251,Male,1,img_341.bmp
29.6424354866,Male,1,img_342.bmp
23.7139483893,Male,1,img_343.bmp
31.7464818315,Male,1,img_344.bmp
25.1018693552,Male,1,img_345.bmp
32.6098632812,Female,1,img_346.bmp
24.0283203125,Female,1,img_347.bmp
42.214299118,Male,1,img_348.bmp
27.7031337962,Male,1,img_349.bmp
43.8494096681,Female,1,img_350.bmp
28.1889062152,Female,1,img_351.bmp
30.1285714286,Male,1,img_352.bmp
23.6724489796,Male,1,img_353.bmp
37.5852082869,Male,1,img_354.bmp
27.4058810425,Male,1,img_355.bmp
42.4924444444,Male,1,img_356.bmp
32.4942222222,Male,1,img_357.bmp
47.2014285714,Female,1,img_358.bmp
40.3148979592,Female,1,img_359.bmp
33.1052631579,Male,1,img_360.bmp
25.4375,Male,1,img_361.bmp
49.1701323251,Male,1,img_362.bmp
35.5855912623,Male,1,img_363.bmp
42.564453125,Female,1,img_364.bmp
35.0126953125,Female,1,img_365.bmp
37.1957671958,Female,1,img_366.bmp
26.037037037,Female,1,img_367.bmp
36.7434666667,Male,1,img_368.bmp
27.1201777778,Male,1,img_369.bmp
46.1168,Male,1,img_370.bmp
41.4926222222,Male,1,img_371.bmp
37.6532434041,Male,1,img_372.bmp
35.5613965483,Male,1,img_373.bmp
41.1757142857,Male,1,img_374.bmp
33.2848979592,Male,1,img_375.bmp
40.1644736842,Male,1,img_376.bmp
37.3651315789,Male,1,img_377.bmp
38.4053069719,Female,1,img_378.bmp
27.0665972945,Female,1,img_379.bmp
45.1891891892,Male,1,img_380.bmp
38.1283783784,Male,1,img_381.bmp
52.7554065744,Female,1,img_382.bmp
39.5285467128,Female,1,img_383.bmp
28.693877551,Male,1,img_384.bmp
22.8488284203,Male,1,img_385.bmp
39.3267746914,Male,1,img_386.bmp
33.2243441358,Male,1,img_387.bmp
29.598351526,Male,1,img_388.bmp
25.9964357318,Male,1,img_389.bmp
45.8360339506,Male,1,img_390.bmp
33.7667824074,Male,1,img_391.bmp
30.6634527089,Female,1,img_392.bmp
26.6287878788,Female,1,img_393.bmp
37.9258494031,Female,1,img_394.bmp
30.6634527089,Female,1,img_395.bmp
34.4531075963,Male,1,img_396.bmp
26.6228558699,Male,1,img_397.bmp
39.5759054232,Male,1,img_398.bmp
33.6395196097,Male,1,img_399.bmp
43.8494096681,Female,1,img_400.bmp
39.9342838049,Female,1,img_401.bmp
38.0193877551,Male,1,img_402.bmp
25.8244897959,Male,1,img_403.bmp
30.0354003906,Female,1,img_404.bmp
24.8864746094,Female,1,img_405.bmp
28.7933207309,Male,1,img_406.bmp
22.8869985297,Male,1,img_407.bmp
44.6976643599,Male,1,img_408.bmp
25.8455882353,Male,1,img_409.bmp
40.1644736842,Male,1,img_410.bmp
36.3914473684,Male,1,img_411.bmp
24.6891259105,Female,1,img_412.bmp
21.0314776275,Female,1,img_413.bmp
55.9079973268,Female,1,img_414.bmp
32.4172421475,Female,1,img_415.bmp
44.3320408163,Male,1,img_416.bmp
36.4412244898,Male,1,img_417.bmp
47.1381153932,Female,1,img_418.bmp
40.873914012,Female,1,img_419.bmp
28.5885736957,Male,1,img_420.bmp
24.4048799841,Male,1,img_421.bmp
37.9304199219,Female,1,img_422.bmp
19.9091796875,Female,1,img_423.bmp
38.0953947368,Male,1,img_424.bmp
27.9934210526,Male,1,img_425.bmp
28.9519526627,Male,1,img_426.bmp
25.7905325444,Male,1,img_427.bmp
33.961352657,Male,1,img_428.bmp
26.5784499055,Male,1,img_429.bmp
29.2611862643,Female,1,img_430.bmp
25.237773153,Female,1,img_431.bmp
44.7040863177,Female,1,img_432.bmp
37.6030762167,Female,1,img_433.bmp
61.7023533951,Male,1,img_434.bmp
35.665316358,Male,1,img_435.bmp
31.0011259148,Male,1,img_438.bmp
27.835053481,Male,1,img_439.bmp
54.8714416896,Female,1,img_440.bmp
32.277318641,Female,1,img_441.bmp
35.9892102847,Female,1,img_442.bmp
20.9802571166,Female,1,img_443.bmp
50.1708477509,Female,1,img_444.bmp
25.8455882353,Female,1,img_445.bmp
35.2960526316,Male,1,img_446.bmp
25.5592105263,Male,1,img_447.bmp
33.7153061224,Male,1,img_448.bmp
30.8459183673,Male,1,img_449.bmp
32.2309688581,Male,1,img_450.bmp
24.7813581315,Male,1,img_451.bmp
36.4878892734,Female,1,img_452.bmp
30.4065743945,Female,1,img_453.bmp
30.6634527089,Male,1,img_454.bmp
24.2079889807,Male,1,img_455.bmp
29.0495867769,Female,1,img_456.bmp
28.2426538108,Female,1,img_457.bmp
32.277318641,Female,1,img_458.bmp
25.1763085399,Female,1,img_459.bmp
38.4899821464,Male,1,img_460.bmp
35.2824836342,Male,1,img_461.bmp
27.4058810425,Female,1,img_462.bmp
25.3700155937,Female,1,img_463.bmp
26.9552662722,Female,1,img_464.bmp
23.6274556213,Female,1,img_465.bmp
36.2586788336,Male,1,img_466.bmp
22.3130331283,Male,1,img_467.bmp
37.2926311728,Male,1,img_468.bmp
25.0877700617,Male,1,img_469.bmp
40.4116512346,Male,1,img_470.bmp
26.5794753086,Male,1,img_471.bmp
42.4924444444,Male,1,img_472.bmp
29.9946666667,Male,1,img_473.bmp
38.3063265306,Male,1,img_474.bmp
34.1457142857,Male,1,img_475.bmp
25.4924945185,Male,1,img_476.bmp
23.1210996795,Male,1,img_477.bmp
33.3599537037,Male,1,img_478.bmp
27.2575231481,Male,1,img_479.bmp
35.9797659195,Male,1,img_480.bmp
26.775639754,Male,1,img_481.bmp
51.6911764706,Male,1,img_482.bmp
33.4472318339,Male,1,img_483.bmp
32.4933544932,Male,1,img_484.bmp
21.476294386,Male,1,img_485.bmp
37.7855415211,Female,1,img_486.bmp
24.5606019887,Female,1,img_487.bmp
29.6747919144,Female,1,img_488.bmp
22.7785374554,Female,1,img_489.bmp
36.7434666667,Male,1,img_490.bmp
26.2453333333,Male,1,img_491.bmp
34.4043268221,Male,1,img_492.bmp
28.940978786,Male,1,img_493.bmp
38.9473684211,Male,1,img_494.bmp
27.9934210526,Male,1,img_495.bmp
33.7153061224,Male,1,img_496.bmp
29.9851020408,Male,1,img_497.bmp
50.9891975309,Male,1,img_498.bmp
37.2926311728,Male,1,img_499.bmp
28.0550304558,Male,1,img_500.bmp
23.6252888049,Male,1,img_501.bmp
38.0716127752,Male,1,img_502.bmp
26.4967268399,Male,1,img_503.bmp
44.089532872,Male,1,img_504.bmp
31.1667387543,Male,1,img_505.bmp
44.0731095679,Male,1,img_506.bmp
27.7999614198,Male,1,img_507.bmp
38.8380485632,Female,1,img_508.bmp
24.4303853865,Female,1,img_509.bmp
29.5316110061,Male,1,img_510.bmp
25.8401596303,Male,1,img_511.bmp
32.1394675926,Male,1,img_512.bmp
23.7316743827,Male,1,img_513.bmp
24.36357908,Male,1,img_514.bmp
22.8869985297,Male,1,img_515.bmp
29.950295858,Male,1,img_516.bmp
21.6307692308,Male,1,img_517.bmp
37.5852082869,Male,1,img_518.bmp
25.0568055246,Male,1,img_519.bmp
34.4531075963,Male,1,img_520.bmp
24.4303853865,Male,1,img_521.bmp
39.8326124567,Male,1,img_522.bmp
31.6228373702,Male,1,img_523.bmp
35.8673469388,Male,1,img_524.bmp
24.3897959184,Male,1,img_525.bmp
32.979921186,Male,1,img_526.bmp
26.3839369488,Male,1,img_527.bmp
32.9448223734,Female,1,img_528.bmp
27.6311413454,Female,1,img_529.bmp
38.4899821464,Male,1,img_532.bmp
34.1668319778,Male,1,img_533.bmp
36.7723076923,Female,1,img_534.bmp
30.1166863905,Female,1,img_535.bmp
44.7040863177,Female,1,img_536.bmp
36.4733700643,Female,1,img_537.bmp
42.9525887721,Female,1,img_538.bmp
39.6056338028,Female,1,img_539.bmp
39.4540816327,Male,1,img_540.bmp
25.8244897959,Male,1,img_541.bmp
30.1689189189,Male,1,img_542.bmp
24.3918918919,Male,1,img_543.bmp
57.387755102,Male,1,img_544.bmp
53.0836734694,Male,1,img_545.bmp
38.3682334596,Male,1,img_546.bmp
27.4058810425,Male,1,img_547.bmp
31.2814201183,Female,1,img_548.bmp
22.1299408284,Female,1,img_549.bmp
39.7972972973,Male,1,img_550.bmp
35.9459459459,Male,1,img_551.bmp
37.2348740329,Male,1,img_552.bmp
29.285855981,Male,1,img_553.bmp
51.5810650888,Female,1,img_554.bmp
31.6142011834,Female,1,img_555.bmp
37.4933333333,Male,1,img_556.bmp
28.7448888889,Male,1,img_557.bmp
24.6200554296,Female,1,img_558.bmp
22.1403376165,Female,1,img_559.bmp
40.3466483012,Female,1,img_560.bmp
33.891184573,Female,1,img_561.bmp
34.6948770876,Male,1,img_562.bmp
27.0435353725,Male,1,img_563.bmp
32.8618421053,Male,1,img_564.bmp
30.3059210526,Male,1,img_565.bmp
34.9675605536,Female,1,img_566.bmp
25.0854238754,Female,1,img_567.bmp
24.6767346939,Male,1,img_568.bmp
20.8030612245,Male,1,img_569.bmp
32.7676996725,Female,1,img_570.bmp
28.3396321492,Female,1,img_571.bmp
28.1889062152,Male,1,img_572.bmp
27.5624860771,Male,1,img_573.bmp
30.2680555556,Female,1,img_574.bmp
20.8947222222,Female,1,img_575.bmp
29.7549565605,Female,1,img_576.bmp
22.7077300067,Female,1,img_577.bmp
29.2851414569,Male,1,img_578.bmp
41.8090397924,Female,1,img_580.bmp
31.7748702422,Female,1,img_581.bmp
41.5547006943,Male,1,img_582.bmp
34.2991180334,Male,1,img_583.bmp
25.6827916352,Female,1,img_584.bmp
22.1403376165,Female,1,img_585.bmp
29.7549565605,Male,1,img_586.bmp
25.0568055246,Male,1,img_587.bmp
30.1792929293,Female,1,img_588.bmp
25.983241506,Female,1,img_589.bmp
35.3687111111,Male,1,img_590.bmp
24.1207111111,Male,1,img_591.bmp
36.8445945946,Male,1,img_592.bmp
33.6351351351,Male,1,img_593.bmp
42.214299118,Male,1,img_594.bmp
26.1200975793,Male,1,img_595.bmp
38.4899821464,Male,1,img_596.bmp
32.2144415791,Male,1,img_597.bmp
32.4847721067,Male,1,img_598.bmp
27.3167401806,Male,1,img_599.bmp
35.1843261719,Female,1,img_600.bmp
26.2595214844,Female,1,img_601.bmp
30.1285714286,Male,1,img_602.bmp
26.5418367347,Male,1,img_603.bmp
31.7517089844,Male,1,img_604.bmp
25.5729980469,Male,1,img_605.bmp
40.3466483012,Female,1,img_606.bmp
30.6634527089,Female,1,img_607.bmp
30.3415274911,Male,1,img_608.bmp
25.0647401013,Male,1,img_609.bmp
26.1891891892,Male,1,img_610.bmp
21.6959459459,Male,1,img_611.bmp
40.2341311134,Male,1,img_612.bmp
32.9188345473,Male,1,img_613.bmp
33.2781065089,Female,1,img_614.bmp
25.9569230769,Female,1,img_615.bmp
48.860770773,Female,1,img_616.bmp
32.074985122,Male,1,img_618.bmp
27.8912914104,Male,1,img_619.bmp
68.2029024456,Female,1,img_620.bmp
36.6519752755,Female,1,img_621.bmp
31.5632653061,Male,1,img_622.bmp
22.237755102,Male,1,img_623.bmp
29.6464100346,Male,1,img_624.bmp
24.7813581315,Male,1,img_625.bmp
49.378251821,Female,1,img_626.bmp
22.3116545265,Female,1,img_627.bmp
39.8326124567,Male,1,img_628.bmp
29.9504757785,Male,1,img_629.bmp
35.773964497,Female,1,img_630.bmp
31.6142011834,Female,1,img_631.bmp
29.7566137566,Female,1,img_632.bmp
23.9115646259,Female,1,img_633.bmp
39.5559210526,Male,1,img_634.bmp
29.2105263158,Male,1,img_635.bmp
32.074985122,Male,1,img_636.bmp
27.8912914104,Male,1,img_637.bmp
41.722972973,Male,1,img_638.bmp
26.3175675676,Male,1,img_639.bmp
24.3252595156,Female,1,img_640.bmp
21.740700692,Female,1,img_641.bmp
34.2764497041,Female,1,img_642.bmp
28.2863905325,Female,1,img_643.bmp
32.3125538638,Female,1,img_644.bmp
24.2344153979,Female,1,img_645.bmp
43.8494096681,Female,1,img_646.bmp
36.8021831143,Female,1,img_647.bmp
41.7365491651,Male,1,img_648.bmp
29.6424354866,Male,1,img_649.bmp
35.9936,Male,1,img_650.bmp
27.4951111111,Male,1,img_651.bmp
47.4633487654,Male,1,img_652.bmp
39.3267746914,Male,1,img_653.bmp
30.240933642,Male,1,img_654.bmp
24.8165509259,Male,1,img_655.bmp
56.5269387755,Male,1,img_656.bmp
38.3063265306,Male,1,img_657.bmp
48.5773645546,Female,1,img_658.bmp
36.4733700643,Female,1,img_659.bmp
47.5876923077,Female,1,img_660.bmp
29.2847337278,Female,1,img_661.bmp
32.4134542706,Female,1,img_662.bmp
24.6200554296,Female,1,img_663.bmp
33.891184573,Female,1,img_664.bmp
28.2426538108,Female,1,img_665.bmp
26.7763157895,Male,1,img_666.bmp
21.9078947368,Male,1,img_667.bmp
35.6183148808,Male,1,img_668.bmp
22.0305873522,Male,1,img_669.bmp
40.3466483012,Female,1,img_672.bmp
25.4990817264,Female,1,img_673.bmp
38.211628425,Male,1,img_674.bmp
28.8153263533,Male,1,img_675.bmp
45.462804999,Male,1,img_676.bmp
36.2586788336,Male,1,img_677.bmp
46.1565656566,Male,1,img_678.bmp
29.5337465565,Male,1,img_679.bmp
39.5285467128,Male,1,img_680.bmp
27.365916955,Male,1,img_681.bmp
31.0900104058,Female,1,img_682.bmp
26.517950052,Female,1,img_683.bmp
38.3505256893,Male,1,img_684.bmp
23.7075976989,Male,1,img_685.bmp
32.3537146614,Male,1,img_686.bmp
27.7317554241,Male,1,img_687.bmp
60.5199724518,Male,1,img_688.bmp
38.7327823691,Male,1,img_689.bmp
61.5644970414,Female,1,img_690.bmp
46.5893491124,Female,1,img_691.bmp
43.8494096681,Male,1,img_692.bmp
23.4907551793,Male,1,img_693.bmp
30.1792929293,Female,1,img_694.bmp
24.6921487603,Female,1,img_695.bmp
33.610887574,Female,1,img_696.bmp
26.289704142,Female,1,img_697.bmp
38.0082179931,Male,1,img_698.bmp
28.8862456747,Male,1,img_699.bmp
38.7431111111,Male,1,img_700.bmp
34.9937777778,Male,1,img_701.bmp
38.5135135135,Male,1,img_702.bmp
25.0337837838,Male,1,img_703.bmp
42.564453125,Female,1,img_704.bmp
32.6098632812,Female,1,img_705.bmp
39.3267746914,Male,1,img_706.bmp
30.5121527778,Male,1,img_707.bmp
33.610887574,Female,1,img_708.bmp
26.289704142,Female,1,img_709.bmp
34.2991180334,Male,1,img_710.bmp
25.7243385251,Male,1,img_711.bmp
48.5475607039,Female,1,img_712.bmp
21.924704834,Female,1,img_713.bmp
37.9321563182,Male,1,img_714.bmp
29.285855981,Male,1,img_715.bmp
47.8903546713,Male,1,img_716.bmp
31.9269031142,Male,1,img_717.bmp
33.7153061224,Male,1,img_718.bmp
23.6724489796,Male,1,img_719.bmp
32.9979591837,Male,1,img_720.bmp
28.693877551,Male,1,img_721.bmp
38.2567085757,Male,1,img_722.bmp
27.9669731657,Male,1,img_723.bmp
33.2230623819,Female,1,img_724.bmp
25.8401596303,Female,1,img_725.bmp
22.629112426,Female,1,img_726.bmp
19.9668639053,Female,1,img_727.bmp
32.839100346,Female,1,img_728.bmp
23.7171280277,Female,1,img_729.bmp
38.7885742188,Female,1,img_730.bmp
35.3559570312,Female,1,img_731.bmp
30.6945867677,Female,1,img_732.bmp
26.6228558699,Female,1,img_733.bmp
35.2584876543,Male,1,img_736.bmp
24.4097222222,Male,1,img_737.bmp
43.5743801653,Female,1,img_738.bmp
29.0495867769,Female,1,img_739.bmp
49.6131064902,Male,1,img_740.bmp
32.1894559966,Male,1,img_741.bmp
33.891184573,Female,1,img_743.bmp
34.0789473684,Male,1,img_744.bmp
23.0032894737,Male,1,img_745.bmp
37.7290298367,Male,1,img_746.bmp
26.5158566335,Male,1,img_747.bmp
32.3203227622,Male,1,img_748.bmp
22.6901857759,Male,1,img_749.bmp
37.6528040328,Male,1,img_750.bmp
23.9206049149,Male,1,img_751.bmp
39.5285467128,Male,1,img_752.bmp
31.9269031142,Male,1,img_753.bmp
37.072265625,Female,1,img_754.bmp
33.2963867188,Female,1,img_755.bmp
44.7040863177,Female,1,img_756.bmp
32.7614784206,Female,1,img_757.bmp
39.4858908895,Female,1,img_758.bmp
30.2284332169,Female,1,img_759.bmp
31.1476124885,Female,1,img_760.bmp
25.1763085399,Female,1,img_761.bmp
36.0191579416,Male,1,img_762.bmp
27.5624860771,Male,1,img_763.bmp
29.4112244898,Male,1,img_764.bmp
25.8244897959,Male,1,img_765.bmp
52.4186095358,Female,1,img_766.bmp
45.7739970594,Female,1,img_767.bmp
43.0663844954,Female,1,img_768.bmp
40.2474938739,Female,1,img_769.bmp
43.5743801653,Female,1,img_770.bmp
27.4357208448,Female,1,img_771.bmp
41.19140625,Female,1,img_772.bmp
27.4609375,Female,1,img_773.bmp
31.1150295858,Female,1,img_774.bmp
23.2946745562,Female,1,img_775.bmp
21.663877551,Male,1,img_776.bmp
18.6510204082,Male,1,img_777.bmp
33.6700824237,Female,1,img_778.bmp
25.0568055246,Female,1,img_779.bmp
29.088636841,Female,1,img_780.bmp
21.7057340895,Female,1,img_781.bmp
47.4633487654,Male,1,img_782.bmp
40.8184799383,Male,1,img_783.bmp
33.9023919753,Male,1,img_784.bmp
23.0536265432,Male,1,img_785.bmp
24.6891259105,Female,1,img_786.bmp
20.1170655567,Female,1,img_787.bmp
40.2887110727,Female,1,img_788.bmp
27.365916955,Female,1,img_789.bmp
36.7501929012,Male,1,img_790.bmp
30.9189814815,Male,1,img_791.bmp
42.5342194009,Male,1,img_792.bmp
27.1940091252,Male,1,img_793.bmp
34.4326530612,Male,1,img_794.bmp
25.8244897959,Male,1,img_795.bmp
40.6828703704,Male,1,img_796.bmp
29.8341049383,Male,1,img_797.bmp
27.6895918367,Male,1,img_798.bmp
24.1028571429,Male,1,img_799.bmp
40.6828703704,Male,1,img_800.bmp
21.6975308642,Male,1,img_801.bmp
29.5316110061,Male,1,img_802.bmp
21.4104179794,Male,1,img_803.bmp
26.7763157895,Male,1,img_804.bmp
23.125,Male,1,img_805.bmp
41.5547006943,Male,1,img_806.bmp
32.979921186,Male,1,img_807.bmp
42.4924444444,Male,1,img_808.bmp
29.3697777778,Male,1,img_809.bmp
45.5743243243,Male,1,img_810.bmp
25.6756756757,Male,1,img_811.bmp
36.6145833333,Female,1,img_812.bmp
25.7658179012,Female,1,img_813.bmp
36.3119834711,Male,1,img_814.bmp
26.6287878788,Male,1,img_815.bmp
27.4609375,Female,1,img_816.bmp
24.0283203125,Female,1,img_817.bmp
37.9423174228,Male,1,img_818.bmp
24.8996458087,Male,1,img_819.bmp
29.0948669712,Female,1,img_821.bmp
25.3971854652,Male,1,img_822.bmp
22.1487082546,Male,1,img_823.bmp
26.4560946746,Male,1,img_825.bmp
44.9890738814,Female,1,img_826.bmp
35.8449531738,Female,1,img_827.bmp
38.3910943079,Male,1,img_828.bmp
25.8401596303,Male,1,img_829.bmp
27.4357208448,Female,1,img_830.bmp
24.2079889807,Female,1,img_831.bmp
33.6700824237,Female,1,img_832.bmp
29.7549565605,Female,1,img_833.bmp
40.1714285714,Male,1,img_834.bmp
35.15,Male,1,img_835.bmp
54.7697368421,Male,1,img_836.bmp
30.4276315789,Male,1,img_837.bmp
35.5804081633,Female,1,img_838.bmp
29.4112244898,Female,1,img_839.bmp
38.2418981481,Male,1,img_840.bmp
26.9863040123,Male,1,img_841.bmp
22.6713249127,Female,1,img_842.bmp
20.9709755442,Female,1,img_843.bmp
44.7040863177,Female,1,img_844.bmp
31.7931588613,Female,1,img_845.bmp
31.0011259148,Male,1,img_846.bmp
27.0435353725,Male,1,img_847.bmp
39.7450902599,Male,1,img_848.bmp
33.4695496925,Male,1,img_849.bmp
27.0926709735,Female,1,img_850.bmp
20.8284695923,Female,1,img_851.bmp
35.6183148808,Male,1,img_852.bmp
26.3839369488,Male,1,img_853.bmp
34.1671983487,Male,1,img_854.bmp
26.1200975793,Male,1,img_855.bmp
50.853587963,Male,1,img_856.bmp
34.5804398148,Male,1,img_857.bmp
27.4609375,Female,1,img_858.bmp
21.4538574219,Female,1,img_859.bmp
29.3723599633,Female,1,img_862.bmp
25.8218549128,Female,1,img_863.bmp
42.5342194009,Male,1,img_864.bmp
32.074985122,Male,1,img_865.bmp
33.4955632716,Male,1,img_866.bmp
28.7492283951,Male,1,img_867.bmp
44.7040863177,Female,1,img_868.bmp
31.4703856749,Female,1,img_869.bmp
39.5285467128,Male,1,img_870.bmp
28.1260813149,Male,1,img_871.bmp
35.8673469388,Male,1,img_872.bmp
27.9765306122,Male,1,img_873.bmp
30.4651045603,Female,1,img_874.bmp
24.4429327286,Female,1,img_875.bmp
37.072265625,Female,1,img_876.bmp
31.7517089844,Female,1,img_877.bmp
41.5976331361,Male,1,img_878.bmp
23.2946745562,Male,1,img_879.bmp
34.2073961938,Male,1,img_880.bmp
30.7106401384,Male,1,img_881.bmp
31.8693333333,Male,1,img_882.bmp
25.6204444444,Male,1,img_883.bmp
50.0298438935,Female,1,img_884.bmp
22.5941230487,Female,1,img_885.bmp
28.5885736957,Male,1,img_886.bmp
22.3130331283,Male,1,img_887.bmp
34.9229226999,Female,1,img_888.bmp
23.9605702829,Female,1,img_889.bmp
33.9023919753,Male,1,img_890.bmp
25.7658179012,Male,1,img_891.bmp
38.0082179931,Female,1,img_892.bmp
27.365916955,Female,1,img_893.bmp
39.4540816327,Female,1,img_894.bmp
35.15,Female,1,img_895.bmp
42.5965693918,Female,1,img_896.bmp
38.8380485632,Female,1,img_897.bmp
25.4990817264,Female,1,img_898.bmp
21.4644168962,Female,1,img_899.bmp
40.9012812434,Male,1,img_900.bmp
31.3035076665,Male,1,img_901.bmp
40.2665088757,Female,1,img_902.bmp
32.9453254438,Female,1,img_903.bmp
35.5275878906,Female,1,img_904.bmp
24.0283203125,Female,1,img_905.bmp
28.12,Female,1,img_906.bmp
22.4569444444,Female,1,img_907.bmp
34.1668319778,Male,1,img_908.bmp
24.4048799841,Male,1,img_909.bmp
51.3655832703,Female,1,img_910.bmp
40.5610985135,Female,1,img_911.bmp
43.536199599,Male,1,img_912.bmp
34.7663176654,Male,1,img_913.bmp
31.0651855469,Female,1,img_914.bmp
27.4609375,Female,1,img_915.bmp
32.5462962963,Male,1,img_916.bmp
23.0536265432,Male,1,img_917.bmp
32.687067474,Male,1,img_918.bmp
26.6057525952,Male,1,img_919.bmp
39.0478079746,Male,1,img_920.bmp
24.4048799841,Male,1,img_921.bmp
40.4423725451,Male,1,img_922.bmp
29.285855981,Male,1,img_923.bmp
31.5278407659,Female,1,img_924.bmp
26.5684051398,Female,1,img_925.bmp
35.1426170972,Male,1,img_926.bmp
29.9745851712,Male,1,img_927.bmp
46.8076034447,Female,1,img_928.bmp
27.6120562907,Female,1,img_929.bmp
30.3415274911,Male,1,img_930.bmp
25.0647401013,Male,1,img_931.bmp
40.3466483012,Female,1,img_932.bmp
24.3693755739,Female,1,img_933.bmp
30.1792929293,Female,1,img_934.bmp
23.4010560147,Female,1,img_935.bmp
28.3627322199,Male,1,img_936.bmp
22.4263464065,Male,1,img_937.bmp
33.6351351351,Male,1,img_938.bmp
22.8513513514,Male,1,img_939.bmp
25.0647401013,Male,1,img_940.bmp
21.7667479827,Male,1,img_941.bmp
31.0545910494,Male,1,img_942.bmp
26.9863040123,Male,1,img_943.bmp
36.9145137576,Female,1,img_944.bmp
28.0550304558,Female,1,img_945.bmp
41.6569391847,Female,1,img_946.bmp
34.9229226999,Female,1,img_947.bmp
45.5122912366,Male,1,img_948.bmp
29.0223306436,Male,1,img_949.bmp
35.723877551,Male,1,img_950.bmp
26.8287755102,Male,1,img_951.bmp
27.6325683594,Female,1,img_952.bmp
21.96875,Female,1,img_953.bmp
34.006987369,Female,1,img_954.bmp
27.3945176028,Female,1,img_955.bmp
59.6144,Male,1,img_956.bmp
38.7431111111,Male,1,img_957.bmp
29.1560570988,Male,1,img_958.bmp
25.0877700617,Male,1,img_959.bmp
44.7040863177,Female,1,img_960.bmp
30.5020661157,Female,1,img_961.bmp
25.0149219467,Male,1,img_962.bmp
20.9802571166,Male,1,img_963.bmp
32.7722674073,Male,1,img_964.bmp
29.9831382662,Male,1,img_965.bmp
41.5346679688,Female,1,img_966.bmp
36.2141113281,Female,1,img_967.bmp
32.0789359862,Male,1,img_968.bmp
24.4772923875,Male,1,img_969.bmp
36.3101536911,Female,1,img_970.bmp
30.9964726631,Female,1,img_971.bmp
36.3101536911,Female,1,img_972.bmp
24.4429327286,Female,1,img_973.bmp
40.2341311134,Female,1,img_974.bmp
33.650364204,Female,1,img_975.bmp
33.2781065089,Female,1,img_976.bmp
26.6224852071,Female,1,img_977.bmp
28.2634693878,Male,1,img_978.bmp
25.3940816327,Male,1,img_979.bmp
33.2230623819,Male,1,img_980.bmp
23.6252888049,Male,1,img_981.bmp
40.2341311134,Female,1,img_982.bmp
27.4323621228,Female,1,img_983.bmp
62.4091836735,Male,1,img_984.bmp
38.0193877551,Male,1,img_985.bmp
37.3020408163,Male,1,img_986.bmp
26.5418367347,Male,1,img_987.bmp
44.2806752331,Female,1,img_988.bmp
35.4245401864,Female,1,img_989.bmp
32.4461538462,Female,1,img_990.bmp
24.459408284,Female,1,img_991.bmp
40.1714285714,Male,1,img_992.bmp
34.4326530612,Male,1,img_993.bmp
34.698117539,Female,1,img_994.bmp
26.6287878788,Female,1,img_995.bmp
32.074985122,Male,1,img_996.bmp
26.4967268399,Male,1,img_997.bmp
40.8481445312,Female,1,img_998.bmp
33.9829101562,Female,1,img_999.bmp
42.2408267906,Male,1,img_1000.bmp
36.045505528,Male,1,img_1001.bmp
31.1667387543,Male,1,img_1002.bmp
23.5650951557,Male,1,img_1003.bmp
43.22298953,Female,1,img_1004.bmp
29.1285364224,Female,1,img_1005.bmp
29.285855981,Male,1,img_1006.bmp
22.3130331283,Male,1,img_1007.bmp
46.6275510204,Female,1,img_1008.bmp
37.3020408163,Female,1,img_1009.bmp
56.277970679,Male,1,img_1010.bmp
29.5628858025,Male,1,img_1011.bmp
40.7631825859,Male,1,img_1012.bmp
26.252017264,Male,1,img_1013.bmp
38.7327823691,Female,1,img_1014.bmp
29.0495867769,Female,1,img_1015.bmp
39.7450902599,Male,1,img_1016.bmp
29.9831382662,Male,1,img_1017.bmp
26.6388067724,Female,1,img_1018.bmp
22.4823972051,Female,1,img_1019.bmp
35.2584876543,Male,1,img_1020.bmp
24.4097222222,Male,1,img_1021.bmp
31.2444444444,Male,1,img_1022.bmp
26.2453333333,Male,1,img_1023.bmp
40.8243243243,Male,1,img_1024.bmp
36.2027027027,Male,1,img_1025.bmp
34.1668319778,Female,1,img_1026.bmp
29.8436818092,Female,1,img_1027.bmp
41.8369371157,Male,1,img_1028.bmp
27.8912914104,Male,1,img_1029.bmp
28.2067901235,Male,1,img_1030.bmp
27.1219135802,Male,1,img_1031.bmp
40.2887110727,Female,1,img_1032.bmp
25.0854238754,Female,1,img_1033.bmp
28.0550304558,Male,1,img_1034.bmp
25.8401596303,Male,1,img_1035.bmp
45.1537629758,Male,1,img_1038.bmp
25.3894896194,Male,1,img_1039.bmp
29.3723599633,Male,1,img_1040.bmp
27.4357208448,Male,1,img_1041.bmp
40.8951022706,Male,1,img_1042.bmp
31.0011259148,Male,1,img_1043.bmp
29.0495867769,Female,1,img_1044.bmp
24.5307621671,Female,1,img_1045.bmp
38.3505256893,Male,1,img_1046.bmp
35.2824836342,Male,1,img_1047.bmp
52.1082754738,Male,1,img_1048.bmp
41.6866203791,Male,1,img_1049.bmp
32.6324301617,Male,1,img_1050.bmp
25.1018693552,Male,1,img_1051.bmp
29.267755102,Female,1,img_1052.bmp
22.9551020408,Female,1,img_1053.bmp
36.8021831143,Female,1,img_1054.bmp
26.6228558699,Female,1,img_1055.bmp
33.0511803214,Male,1,img_1056.bmp
31.5171592938,Male,1,img_1057.bmp
35.5405555556,Female,1,img_1058.bmp
32.8066666667,Female,1,img_1059.bmp
30.7024489796,Male,1,img_1060.bmp
24.9636734694,Male,1,img_1061.bmp
47.2416,Male,1,img_1062.bmp
39.2430222222,Male,1,img_1063.bmp
29.9831382662,Male,1,img_1064.bmp
24.2654235271,Male,1,img_1065.bmp
41.19140625,Female,1,img_1066.bmp
38.6169433594,Female,1,img_1067.bmp
63.9090909091,Female,1,img_1068.bmp
44.7040863177,Female,1,img_1069.bmp
23.1081081081,Male,1,img_1071.bmp
30.6804205515,Male,1,img_1072.bmp
27.8912914104,Male,1,img_1073.bmp
44.1809210526,Male,1,img_1074.bmp
29.8190789474,Male,1,img_1075.bmp
36.9756738988,Male,1,img_1076.bmp
26.5762656147,Male,1,img_1077.bmp
47.1248852158,Female,1,img_1078.bmp
31.6317722681,Female,1,img_1079.bmp
37.1189164371,Female,1,img_1080.bmp
30.6634527089,Female,1,img_1081.bmp
33.084251607,Female,1,img_1082.bmp
26.790174472,Female,1,img_1083.bmp
38.9473684211,Male,1,img_1084.bmp
32.8618421053,Male,1,img_1085.bmp
38.1182222222,Male,1,img_1086.bmp
27.4951111111,Male,1,img_1087.bmp
42.9611111111,Female,1,img_1088.bmp
31.2444444444,Female,1,img_1089.bmp
42.8738975418,Male,1,img_1090.bmp
36.2779133046,Male,1,img_1091.bmp
48.860770773,Female,1,img_1092.bmp
30.0681666295,Female,1,img_1093.bmp
32.1884030775,Male,1,img_1094.bmp
28.8904109589,Male,1,img_1095.bmp
39.3267746914,Male,1,img_1096.bmp
33.2243441358,Male,1,img_1097.bmp
24.4429327286,Female,1,img_1098.bmp
37.1013513514,Male,1,img_1100.bmp
25.5472972973,Male,1,img_1101.bmp
36.0140739351,Male,1,img_1102.bmp
25.0647401013,Male,1,img_1103.bmp
34.4054054054,Male,1,img_1104.bmp
28.3716216216,Male,1,img_1105.bmp
41.5346679688,Female,1,img_1106.bmp
35.0126953125,Female,1,img_1107.bmp
40.6177777778,Male,1,img_1108.bmp
23.7457777778,Male,1,img_1109.bmp
24.1385030864,Male,1,img_1110.bmp
23.7316743827,Male,1,img_1111.bmp
40.7212854592,Male,1,img_1112.bmp
28.1702043245,Male,1,img_1113.bmp
37.2719982179,Female,1,img_1114.bmp
32.573847182,Female,1,img_1115.bmp
47.5494276795,Female,1,img_1116.bmp
41.1485431842,Female,1,img_1117.bmp
44.2090835797,Female,1,img_1118.bmp
40.8083848428,Female,1,img_1119.bmp
31.6317722681,Female,1,img_1120.bmp
56.5269387755,Male,1,img_1122.bmp
37.0151020408,Male,1,img_1123.bmp
78.9081632653,Male,1,img_1124.bmp
48.2057142857,Male,1,img_1125.bmp
24.4097222222,Male,1,img_1126.bmp
40.8243243243,Male,1,img_1128.bmp
33.1216216216,Male,1,img_1129.bmp
24.2079889807,Female,1,img_1130.bmp
20.9802571166,Female,1,img_1131.bmp
41.5346679688,Female,1,img_1132.bmp
34.6694335938,Female,1,img_1133.bmp
42.2408267906,Male,1,img_1134.bmp
33.7926614325,Male,1,img_1135.bmp
31.0011259148,Male,1,img_1136.bmp
24.1413023081,Male,1,img_1137.bmp
34.7476586889,Female,1,img_1138.bmp
30.1755983351,Female,1,img_1139.bmp
46.0206308272,Male,1,img_1140.bmp
27.0545526681,Male,1,img_1141.bmp
31.7960722079,Male,1,img_1142.bmp
28.3096607816,Male,1,img_1143.bmp
38.0082179931,Female,1,img_1144.bmp
29.7984429066,Female,1,img_1145.bmp
31.7067346939,Male,1,img_1146.bmp
29.6981632653,Male,1,img_1147.bmp
38.1020507812,Female,1,img_1148.bmp
30.0354003906,Female,1,img_1149.bmp
28.7716962525,Male,1,img_1150.bmp
23.6875410914,Male,1,img_1151.bmp
29.0382785467,Male,1,img_1152.bmp
25.8455882353,Male,1,img_1153.bmp
41.3191836735,Male,1,img_1154.bmp
34.576122449,Male,1,img_1155.bmp
40.4423725451,Male,1,img_1156.bmp
27.8912914104,Male,1,img_1157.bmp
44.1930943892,Male,1,img_1158.bmp
39.5759054232,Male,1,img_1159.bmp
56.24,Male,1,img_1160.bmp
32.4942222222,Male,1,img_1161.bmp
37.7644628099,Female,1,img_1162.bmp
32.1159320478,Female,1,img_1163.bmp
23.8852157943,Female,1,img_1165.bmp
26.7577854671,Male,1,img_1166.bmp
25.9976211073,Male,1,img_1167.bmp
28.2863905325,Female,1,img_1168.bmp
19.9668639053,Female,1,img_1169.bmp
33.4695496925,Male,1,img_1170.bmp
26.4967268399,Male,1,img_1171.bmp
40.6177777778,Male,1,img_1174.bmp
30.1196444444,Male,1,img_1175.bmp
47.8231292517,Female,1,img_1176.bmp
34.5389266818,Female,1,img_1177.bmp
39.1512586322,Female,1,img_1178.bmp
32.2606371129,Female,1,img_1179.bmp
47.4671052632,Male,1,img_1180.bmp
41.3815789474,Male,1,img_1181.bmp
44.9456449098,Female,1,img_1182.bmp
36.8021831143,Female,1,img_1183.bmp
32.8480015012,Female,1,img_1184.bmp
24.6689810471,Female,1,img_1185.bmp
32.2806122449,Male,1,img_1186.bmp
21.5204081633,Male,1,img_1187.bmp
23.7747138398,Female,1,img_1188.bmp
20.1170655567,Female,1,img_1189.bmp
28.3391561408,Female,1,img_1190.bmp
21.1599032518,Female,1,img_1191.bmp
40.024003174,Male,1,img_1192.bmp
29.8436818092,Male,1,img_1193.bmp
38.616349481,Female,1,img_1194.bmp
30.7106401384,Female,1,img_1195.bmp
28.4780092593,Male,1,img_1196.bmp
26.4438657407,Male,1,img_1197.bmp
25.1071428571,Male,1,img_1198.bmp
22.237755102,Male,1,img_1199.bmp
45.1389160156,Female,1,img_1200.bmp
41.7062988281,Female,1,img_1201.bmp
31.3777028367,Male,1,img_1202.bmp
24.4048799841,Male,1,img_1203.bmp
42.3752777778,Female,1,img_1204.bmp
22.8475,Female,1,img_1205.bmp
32.9932432432,Male,1,img_1206.bmp
26.5743243243,Male,1,img_1207.bmp
33.891184573,Female,1,img_1208.bmp
21.7871900826,Female,1,img_1209.bmp
40.3466483012,Female,1,img_1210.bmp
23.8852157943,Female,1,img_1211.bmp
40.1001183432,Female,1,img_1212.bmp
35.6075739645,Female,1,img_1213.bmp
30.5409640944,Male,1,img_1214.bmp
28.1702043245,Male,1,img_1215.bmp
29.1903114187,Female,1,img_1216.bmp
22.9569636678,Female,1,img_1217.bmp
30.4065743945,Female,1,img_1218.bmp
25.8455882353,Female,1,img_1219.bmp
49.3305858766,Female,1,img_1220.bmp
37.2719982179,Female,1,img_1221.bmp
27.7518349534,Male,1,img_1222.bmp
23.5681412418,Male,1,img_1223.bmp
30.5121527778,Male,1,img_1224.bmp
24.8165509259,Male,1,img_1225.bmp
35.8201840894,Male,1,img_1226.bmp
25.4207758054,Male,1,img_1227.bmp
28.3190917969,Female,1,img_1228.bmp
25.5729980469,Female,1,img_1229.bmp
44.5888534434,Male,1,img_1230.bmp
34.8267967724,Male,1,img_1231.bmp
32.2806122449,Male,1,img_1232.bmp
24.8202040816,Male,1,img_1233.bmp
33.9023919753,Male,1,img_1234.bmp
23.7316743827,Male,1,img_1235.bmp
24.36357908,Male,1,img_1236.bmp
21.4104179794,Male,1,img_1237.bmp
28.2067901235,Male,1,img_1238.bmp
26.4438657407,Male,1,img_1239.bmp
41.8369371157,Male,1,img_1240.bmp
25.1021622694,Male,1,img_1241.bmp
38.9163069994,Male,1,img_1242.bmp
31.6607243385,Male,1,img_1243.bmp
32.9448223734,Female,1,img_1244.bmp
30.8193499622,Female,1,img_1245.bmp
28.1889062152,Female,1,img_1246.bmp
24.273780352,Female,1,img_1247.bmp
42.4781384875,Male,1,img_1248.bmp
34.9587164571,Male,1,img_1249.bmp
36.1542857143,Female,1,img_1250.bmp
31.1328571429,Female,1,img_1251.bmp
33.4680175781,Female,1,img_1252.bmp
24.8864746094,Female,1,img_1253.bmp
32.0945945946,Male,1,img_1254.bmp
21.8243243243,Male,1,img_1255.bmp
34.4531075963,Female,1,img_1256.bmp
26.6228558699,Female,1,img_1257.bmp
61.9587402344,Female,1,img_1258.bmp
46.5119628906,Female,1,img_1259.bmp
33.6395196097,Male,1,img_1260.bmp
25.0647401013,Male,1,img_1261.bmp
39.1671428571,Male,1,img_1262.bmp
31.9936734694,Male,1,img_1263.bmp
26.3983673469,Male,1,img_1264.bmp
24.5332653061,Male,1,img_1265.bmp
38.9204152249,Male,1,img_1266.bmp
26.6057525952,Male,1,img_1267.bmp
35.896264445,Female,1,img_1268.bmp
24.5606019887,Female,1,img_1269.bmp
52.4130177515,Female,1,img_1270.bmp
39.9337278107,Female,1,img_1271.bmp
39.9342838049,Female,1,img_1272.bmp
32.1040320784,Female,1,img_1273.bmp
29.9831382662,Male,1,img_1274.bmp
26.0783574688,Male,1,img_1275.bmp
29.950295858,Female,1,img_1276.bmp
20.798816568,Female,1,img_1277.bmp
39.6805795848,Male,1,img_1278.bmp
30.2545415225,Male,1,img_1279.bmp
48.8194444444,Male,1,img_1280.bmp
38.0791666667,Male,1,img_1281.bmp
39.5397153352,Female,1,img_1282.bmp
28.7268135904,Female,1,img_1283.bmp
36.3101536911,Female,1,img_1284.bmp
24.2658100277,Female,1,img_1285.bmp
31.7067346939,Male,1,img_1286.bmp
25.2506122449,Male,1,img_1287.bmp
29.6464100346,Male,1,img_1288.bmp
26.3016868512,Male,1,img_1289.bmp
36.4878892734,Male,1,img_1290.bmp
25.8455882353,Male,1,img_1291.bmp
53.8951900861,Male,1,img_1292.bmp
46.5122873346,Male,1,img_1293.bmp
36.2779133046,Male,1,img_1294.bmp
24.4051416776,Male,1,img_1295.bmp
45.1882460973,Female,1,img_1296.bmp
33.084251607,Female,1,img_1297.bmp
41.3529411765,Male,1,img_1298.bmp
30.4065743945,Male,1,img_1299.bmp
44.9891660368,Female,1,img_1302.bmp
28.1625094482,Female,1,img_1303.bmp
38.9669942051,Female,1,img_1304.bmp
21.2547241119,Female,1,img_1305.bmp
36.6059171598,Male,1,img_1306.bmp
29.950295858,Male,1,img_1307.bmp
40.992194674,Female,1,img_1308.bmp
23.0782828283,Female,1,img_1309.bmp
36.2779133046,Male,1,img_1310.bmp
27.0435353725,Male,1,img_1311.bmp
37.1189164371,Male,1,img_1312.bmp
26.6287878788,Male,1,img_1313.bmp
34.4326530612,Male,1,img_1314.bmp
26.972244898,Male,1,img_1315.bmp
33.7153061224,Female,1,img_1316.bmp
25.8244897959,Female,1,img_1317.bmp
51.3513513514,Male,1,img_1318.bmp
28.2432432432,Male,1,img_1319.bmp
22.8643350412,Male,1,img_1320.bmp
20.3586544888,Male,1,img_1321.bmp
47.4910865078,Male,1,img_1322.bmp
36.9375117283,Male,1,img_1323.bmp
40.3466483012,Female,1,img_1328.bmp
25.8218549128,Female,1,img_1329.bmp
47.2947204277,Female,1,img_1330.bmp
33.6700824237,Female,1,img_1331.bmp
40.7173089775,Male,1,img_1332.bmp
27.7190911116,Male,1,img_1333.bmp
37.3020408163,Male,1,img_1334.bmp
31.5632653061,Male,1,img_1335.bmp
23.6724489796,Male,1,img_1336.bmp
21.5204081633,Male,1,img_1337.bmp
30.6804205515,Male,1,img_1338.bmp
23.7075976989,Male,1,img_1339.bmp
43.5743801653,Male,1,img_1340.bmp
27.4357208448,Male,1,img_1341.bmp
36.8415217939,Female,1,img_1342.bmp
30.9964726631,Female,1,img_1343.bmp
40.0540540541,Male,1,img_1344.bmp
27.6013513514,Male,1,img_1345.bmp
38.3681777778,Male,1,img_1346.bmp
30.3696,Male,1,img_1347.bmp
45.0565019396,Male,1,img_1348.bmp
29.6424354866,Male,1,img_1349.bmp
30.9964726631,Female,1,img_1350.bmp
23.9115646259,Female,1,img_1351.bmp
30.6804205515,Male,1,img_1352.bmp
23.7075976989,Male,1,img_1353.bmp
43.8917793965,Female,1,img_1354.bmp
32.9188345473,Female,1,img_1355.bmp
25.4375,Male,1,img_1356.bmp
22.7598684211,Male,1,img_1357.bmp
27.9765306122,Male,1,img_1358.bmp
23.5289795918,Male,1,img_1359.bmp
58.2366863905,Female,1,img_1360.bmp
34.6092307692,Female,1,img_1361.bmp
35.236132769,Male,1,img_1362.bmp
25.8398306973,Male,1,img_1363.bmp
35.5050505051,Female,1,img_1364.bmp
26.4674012856,Female,1,img_1365.bmp
38.3682334596,Male,1,img_1366.bmp
28.9719313878,Male,1,img_1367.bmp
46.9634986226,Female,1,img_1368.bmp
31.4703856749,Female,1,img_1369.bmp
37.5852082869,Male,1,img_1370.bmp
29.7549565605,Male,1,img_1371.bmp
32.277318641,Female,1,img_1372.bmp
25.8218549128,Female,1,img_1373.bmp
43.0067567568,Male,1,img_1374.bmp
28.6283783784,Male,1,img_1375.bmp
48.8097599683,Male,1,img_1376.bmp
41.6974806586,Male,1,img_1377.bmp
25.6035379813,Female,1,img_1378.bmp
21.7630072841,Female,1,img_1379.bmp
25.1021622694,Male,1,img_1380.bmp
22.5919460425,Male,1,img_1381.bmp
36.7961432507,Female,1,img_1382.bmp
31.9545454545,Female,1,img_1383.bmp
32.0945945946,Male,1,img_1384.bmp
27.472972973,Male,1,img_1385.bmp
37.2348740329,Male,1,img_1386.bmp
27.7518349534,Male,1,img_1387.bmp
51.2482840237,Female,1,img_1388.bmp
45.2582248521,Female,1,img_1389.bmp
38.9669942051,Female,1,img_1390.bmp
27.4540186445,Female,1,img_1391.bmp
36.541752674,Male,1,img_1392.bmp
33.7714392944,Male,1,img_1393.bmp
31.9545454545,Female,1,img_1394.bmp
28.7268135904,Female,1,img_1395.bmp
28.3503465658,Female,1,img_1396.bmp
24.6588951901,Female,1,img_1397.bmp
32.4847721067,Male,1,img_1398.bmp
25.8401596303,Male,1,img_1399.bmp
33.7484626066,Male,1,img_1400.bmp
22.7314024995,Male,1,img_1401.bmp
36.9756738988,Male,1,img_1402.bmp
21.9543063774,Male,1,img_1403.bmp
37.346875,Male,1,img_1404.bmp
24.71484375,Male,1,img_1405.bmp
55.9079973268,Female,1,img_1406.bmp
46.5116952551,Female,1,img_1407.bmp
26.6228558699,Male,1,img_1408.bmp
24.9002004901,Male,1,img_1409.bmp
50.0298438935,Male,1,img_1410.bmp
20.1733241506,Male,1,img_1411.bmp
25.9878176854,Female,1,img_1412.bmp
22.1487082546,Female,1,img_1413.bmp
39.9342838049,Male,1,img_1414.bmp
32.8870572511,Male,1,img_1415.bmp
40.1644736842,Male,1,img_1416.bmp
29.4539473684,Male,1,img_1417.bmp
39.3106122449,Male,1,img_1418.bmp
32.5675510204,Male,1,img_1419.bmp
44.6240234375,Female,1,img_1420.bmp
32.4382324219,Female,1,img_1421.bmp
28.0550304558,Male,1,img_1422.bmp
25.5448435203,Male,1,img_1423.bmp
36.2779133046,Male,1,img_1424.bmp
27.0435353725,Male,1,img_1425.bmp
36.8716326531,Male,1,img_1426.bmp
32.2806122449,Male,1,img_1427.bmp
30.6158579882,Female,1,img_1428.bmp
27.4544378698,Female,1,img_1429.bmp
31.5632653061,Male,1,img_1430.bmp
21.5204081633,Male,1,img_1431.bmp
37.5534188034,Male,1,img_1432.bmp
22.8786982249,Male,1,img_1433.bmp
33.4472318339,Female,1,img_1434.bmp
28.8862456747,Female,1,img_1435.bmp
36.2779133046,Male,1,img_1436.bmp
26.3839369488,Male,1,img_1437.bmp
31.6142011834,Female,1,img_1438.bmp
25.6241420118,Female,1,img_1439.bmp
31.0081915564,Male,1,img_1440.bmp
25.1018693552,Male,1,img_1441.bmp
44.925443787,Female,1,img_1442.bmp
34.6092307692,Female,1,img_1443.bmp
46.8076034447,Female,1,img_1444.bmp
25.9878176854,Female,1,img_1445.bmp
38.0082179931,Female,1,img_1446.bmp
24.6293252595,Female,1,img_1447.bmp
41.8675555556,Male,1,img_1448.bmp
24.7456,Male,1,img_1449.bmp
32.5462962963,Male,1,img_1450.bmp
25.3589891975,Male,1,img_1451.bmp
31.7908220094,Male,1,img_1452.bmp
29.598351526,Male,1,img_1453.bmp
30.4734471758,Male,1,img_1454.bmp
20.3156314506,Male,1,img_1455.bmp
45.5743243243,Male,1,img_1456.bmp
25.6756756757,Male,1,img_1457.bmp
44.7511574074,Male,1,img_1458.bmp
33.2243441358,Male,1,img_1459.bmp
29.9946666667,Male,1,img_1460.bmp
28.12,Male,1,img_1461.bmp
22.3488321799,Female,1,img_1462.bmp
19.7642733564,Female,1,img_1463.bmp
33.4955632716,Male,1,img_1464.bmp
28.4780092593,Male,1,img_1465.bmp
32.9188345473,Female,1,img_1466.bmp
25.237773153,Female,1,img_1467.bmp
36.3358564014,Female,1,img_1468.bmp
26.9098183391,Female,1,img_1469.bmp
32.2532894737,Male,1,img_1470.bmp
26.7763157895,Male,1,img_1471.bmp
38.5135135135,Male,1,img_1474.bmp
23.6216216216,Male,1,img_1475.bmp
26.936065939,Female,1,img_1476.bmp
19.8888393852,Female,1,img_1477.bmp
36.1762234825,Female,1,img_1478.bmp
21.4104179794,Female,1,img_1479.bmp
32.0044224766,Female,1,img_1480.bmp
22.4945369407,Female,1,img_1481.bmp
28.7584912742,Male,1,img_1482.bmp
25.1966597861,Male,1,img_1483.bmp
27.517949827,Male,1,img_1484.bmp
23.2610294118,Male,1,img_1485.bmp
40.1644736842,Male,1,img_1486.bmp
29.0888157895,Male,1,img_1487.bmp
25.9389010117,Male,1,img_1488.bmp
24.2654235271,Male,1,img_1489.bmp
36.1762234825,Female,1,img_1490.bmp
17.7189666037,Female,1,img_1491.bmp
39.8624885216,Female,1,img_1492.bmp
30.1792929293,Female,1,img_1493.bmp
33.2781065089,Male,1,img_1494.bmp
29.1183431953,Male,1,img_1495.bmp
31.7464818315,Male,1,img_1496.bmp
27.4643982357,Male,1,img_1497.bmp
34.309220679,Male,1,img_1498.bmp
24.8165509259,Male,1,img_1499.bmp
29.5316110061,Male,1,img_1500.bmp
24.36357908,Male,1,img_1501.bmp
39.1554054054,Male,1,img_1502.bmp
34.9189189189,Male,1,img_1503.bmp
51.6437098255,Female,1,img_1504.bmp
35.5050505051,Female,1,img_1505.bmp
36.4733700643,Female,1,img_1506.bmp
30.0179063361,Female,1,img_1507.bmp
36.2586788336,Male,1,img_1508.bmp
27.8912914104,Male,1,img_1509.bmp
34.0202702703,Male,1,img_1510.bmp
26.3175675676,Male,1,img_1511.bmp
25.2134105591,Female,1,img_1512.bmp
21.924704834,Female,1,img_1513.bmp
27.1176757812,Female,1,img_1514.bmp
23.6850585938,Female,1,img_1515.bmp
25.7243385251,Male,1,img_1516.bmp
23.0859448302,Male,1,img_1517.bmp
32.6819058642,Male,1,img_1518.bmp
28.4780092593,Male,1,img_1519.bmp
25.8401596303,Male,1,img_1520.bmp
24.36357908,Male,1,img_1521.bmp
34.1457142857,Male,1,img_1522.bmp
26.2548979592,Male,1,img_1523.bmp
44.7040863177,Female,1,img_1526.bmp
30.6634527089,Female,1,img_1527.bmp
40.2887110727,Male,1,img_1528.bmp
26.6057525952,Male,1,img_1529.bmp
36.9145137576,Male,1,img_1530.bmp
24.36357908,Male,1,img_1531.bmp
33.961352657,Male,1,img_1532.bmp
24.5112371351,Male,1,img_1533.bmp
39.1512586322,Female,1,img_1534.bmp
34.7663176654,Female,1,img_1535.bmp
38.464316609,Male,1,img_1536.bmp
27.669982699,Male,1,img_1537.bmp
34.4531075963,Male,1,img_1538.bmp
23.3341501448,Male,1,img_1539.bmp
39.9928888889,Male,1,img_1540.bmp
27.4951111111,Male,1,img_1541.bmp
43.5743801653,Female,1,img_1542.bmp
27.4357208448,Female,1,img_1543.bmp
37.9304199219,Female,1,img_1544.bmp
30.7219238281,Female,1,img_1545.bmp
32.5462962963,Male,1,img_1546.bmp
23.7316743827,Male,1,img_1547.bmp
38.6487268519,Male,1,img_1548.bmp
33.2243441358,Male,1,img_1549.bmp
42.9077148438,Female,1,img_1550.bmp
27.4609375,Female,1,img_1551.bmp
28.1889062152,Male,1,img_1552.bmp
23.4907551793,Male,1,img_1553.bmp
28.0550304558,Male,1,img_1554.bmp
19.9338374291,Male,1,img_1555.bmp
37.8716216216,Male,1,img_1556.bmp
27.6013513514,Male,1,img_1557.bmp
44.6240234375,Female,1,img_1558.bmp
28.3190917969,Female,1,img_1559.bmp
34.1100591716,Female,1,img_1560.bmp
29.1183431953,Female,1,img_1561.bmp
32.6098632812,Female,1,img_1562.bmp
24.8864746094,Female,1,img_1563.bmp
40.2341311134,Female,1,img_1564.bmp
32.0044224766,Female,1,img_1565.bmp
40.8481445312,Female,1,img_1566.bmp
30.0354003906,Female,1,img_1567.bmp
32.0789359862,Female,1,img_1568.bmp
20.5244377163,Female,1,img_1569.bmp
32.9979591837,Male,1,img_1570.bmp
22.9551020408,Male,1,img_1571.bmp
38.616349481,Female,1,img_1572.bmp
29.4943771626,Female,1,img_1573.bmp
31.9269031142,Female,1,img_1574.bmp
26.3016868512,Female,1,img_1575.bmp
31.6228373702,Female,1,img_1576.bmp
24.0211937716,Female,1,img_1577.bmp
39.6805795848,Male,1,img_1578.bmp
29.0382785467,Male,1,img_1579.bmp
30.6804205515,Male,1,img_1580.bmp
23.7075976989,Male,1,img_1581.bmp
34.2764497041,Female,1,img_1582.bmp
27.6208284024,Female,1,img_1583.bmp
33.5183784919,Male,1,img_1584.bmp
24.6588951901,Male,1,img_1585.bmp
69.7282285261,Male,1,img_1586.bmp
56.200952192,Male,1,img_1587.bmp
33.9939555556,Male,1,img_1588.bmp
26.9952,Male,1,img_1589.bmp
26.7763157895,Male,1,img_1590.bmp
19.4736842105,Male,1,img_1591.bmp
32.3830017301,Female,1,img_1592.bmp
22.5008650519,Female,1,img_1593.bmp
49.3250126497,Male,1,img_1594.bmp
33.9109461967,Male,1,img_1595.bmp
33.3783783784,Male,1,img_1596.bmp
25.9324324324,Male,1,img_1597.bmp
31.8502040816,Male,1,img_1598.bmp
25.5375510204,Male,1,img_1599.bmp
31.6142011834,Female,1,img_1600.bmp
21.6307692308,Female,1,img_1601.bmp
27.4323621228,Female,1,img_1602.bmp
22.1287721124,Female,1,img_1603.bmp
28.7933207309,Male,1,img_1604.bmp
27.1690821256,Male,1,img_1605.bmp
41.606122449,Male,1,img_1606.bmp
33.7153061224,Male,1,img_1607.bmp
36.3310810811,Male,1,img_1608.bmp
26.9594594595,Male,1,img_1609.bmp
29.2867262608,Male,1,img_1610.bmp
25.8482037443,Male,1,img_1611.bmp
40.1714285714,Male,1,img_1614.bmp
27.2591836735,Male,1,img_1615.bmp
33.2963867188,Female,1,img_1616.bmp
24.5432128906,Female,1,img_1617.bmp
39.5026014568,Female,1,img_1620.bmp
36.2107180021,Female,1,img_1621.bmp
35.4791883455,Female,1,img_1622.bmp
33.2845993757,Female,1,img_1623.bmp
37.2480536332,Female,1,img_1624.bmp
32.991133218,Female,1,img_1625.bmp
28.2426538108,Female,1,img_1626.bmp
21.9485766758,Female,1,img_1627.bmp
37.3574879227,Male,1,img_1628.bmp
25.2495274102,Male,1,img_1629.bmp
30.4945777778,Male,1,img_1630.bmp
25.6204444444,Male,1,img_1631.bmp
32.573847182,Female,1,img_1632.bmp
26.936065939,Female,1,img_1633.bmp
38.7702702703,Male,1,img_1634.bmp
32.3513513514,Male,1,img_1635.bmp
51.9763557891,Male,1,img_1636.bmp
36.6736723588,Male,1,img_1637.bmp
30.8459183673,Male,1,img_1638.bmp
27.9765306122,Male,1,img_1639.bmp
40.6059651334,Male,1,img_1640.bmp
24.36357908,Male,1,img_1641.bmp
44.0731095679,Male,1,img_1642.bmp
26.4438657407,Male,1,img_1643.bmp
41.19140625,Female,1,img_1644.bmp
28.833984375,Female,1,img_1645.bmp
41.19140625,Female,1,img_1646.bmp
28.833984375,Female,1,img_1647.bmp
59.6873636183,Male,1,img_1648.bmp
47.9730212259,Male,1,img_1649.bmp
22.9551020408,Male,1,img_1650.bmp
22.6681632653,Male,1,img_1651.bmp
37.6994598765,Male,1,img_1652.bmp
32.5462962963,Male,1,img_1653.bmp
44.7511574074,Male,1,img_1654.bmp
27.1219135802,Male,1,img_1655.bmp
39.9337278107,Female,1,img_1656.bmp
29.7839053254,Female,1,img_1657.bmp
37.2480536332,Male,1,img_1658.bmp
29.6464100346,Male,1,img_1659.bmp
31.4557752341,Female,1,img_1660.bmp
28.5296566077,Female,1,img_1661.bmp
33.14316609,Male,1,img_1662.bmp
24.0211937716,Male,1,img_1663.bmp
47.2505776097,Male,1,img_1664.bmp
31.0081915564,Male,1,img_1665.bmp
32.7614784206,Male,1,img_1666.bmp
27.2743342516,Male,1,img_1667.bmp
33.1414285714,Male,1,img_1668.bmp
27.8330612245,Male,1,img_1669.bmp
26.9515610652,Male,1,img_1670.bmp
23.0782828283,Male,1,img_1671.bmp
54.1237024221,Female,1,img_1672.bmp
35.8797577855,Female,1,img_1673.bmp
57.427843524,Male,1,img_1674.bmp
28.5405982906,Male,1,img_1675.bmp
32.3538980361,Female,1,img_1676.bmp
23.986510613,Female,1,img_1677.bmp
36.9559611188,Male,1,img_1678.bmp
28.5885736957,Male,1,img_1679.bmp
33.891184573,Male,1,img_1680.bmp
24.2079889807,Male,1,img_1681.bmp
35.2824836342,Male,1,img_1682.bmp
26.0783574688,Male,1,img_1683.bmp
48.7271581601,Male,1,img_1684.bmp
39.8676748582,Male,1,img_1685.bmp
42.0629552549,Female,1,img_1686.bmp
36.3936004162,Female,1,img_1687.bmp
42.3648648649,Male,1,img_1688.bmp
29.527027027,Male,1,img_1689.bmp
36.9559611188,Male,1,img_1690.bmp
27.7518349534,Male,1,img_1691.bmp
28.0550304558,Male,1,img_1692.bmp
24.9542113001,Male,1,img_1693.bmp
31.7517089844,Female,1,img_1694.bmp
27.4609375,Female,1,img_1695.bmp
40.8607419163,Male,1,img_1696.bmp
32.4933544932,Male,1,img_1697.bmp
31.780591716,Female,1,img_1698.bmp
27.2880473373,Female,1,img_1699.bmp
33.2230623819,Male,1,img_1700.bmp
29.236294896,Male,1,img_1701.bmp
26.5784499055,Male,1,img_1702.bmp
23.1823146398,Male,1,img_1703.bmp
22.4327364555,Male,1,img_1705.bmp
44.7040863177,Female,1,img_1706.bmp
30.1792929293,Female,1,img_1707.bmp
28.6019736842,Male,1,img_1708.bmp
24.3421052632,Male,1,img_1709.bmp
35.7277249135,Male,1,img_1710.bmp
33.14316609,Male,1,img_1711.bmp
31.7094594595,Male,1,img_1712.bmp
24.6486486486,Male,1,img_1713.bmp
50.9743652344,Female,1,img_1714.bmp
38.4453125,Female,1,img_1715.bmp
31.8820861678,Female,1,img_1716.bmp
26.5684051398,Female,1,img_1717.bmp
36.9145137576,Male,1,img_1722.bmp
29.5316110061,Male,1,img_1723.bmp
31.4527027027,Male,1,img_1724.bmp
25.0337837838,Male,1,img_1725.bmp
29.4112244898,Female,1,img_1726.bmp
23.3855102041,Female,1,img_1727.bmp
31.8820861678,Female,1,img_1728.bmp
26.5684051398,Female,1,img_1729.bmp
43.0408163265,Male,1,img_1730.bmp
39.4540816327,Male,1,img_1731.bmp
49.2927631579,Male,1,img_1732.bmp
26.0460526316,Male,1,img_1733.bmp
33.4695496925,Male,1,img_1734.bmp
29.285855981,Male,1,img_1735.bmp
29.1772460938,Female,1,img_1736.bmp
25.7446289062,Female,1,img_1737.bmp
43.8494096681,Female,1,img_1738.bmp
32.8870572511,Female,1,img_1739.bmp
30.6804205515,Male,1,img_1740.bmp
24.4048799841,Male,1,img_1741.bmp
33.9023919753,Male,1,img_1742.bmp
30.5121527778,Male,1,img_1743.bmp
34.1668319778,Male,1,img_1744.bmp
25.7994445547,Male,1,img_1745.bmp
27.6208284024,Female,1,img_1746.bmp
24.459408284,Female,1,img_1747.bmp
52.3355263158,Male,1,img_1748.bmp
43.6940789474,Male,1,img_1749.bmp
32.5462962963,Male,1,img_1750.bmp
27.7999614198,Male,1,img_1751.bmp
32.277318641,Male,1,img_1752.bmp
26.6287878788,Male,1,img_1753.bmp
44.1497584541,Female,1,img_1754.bmp
35.4379332073,Female,1,img_1755.bmp
35.8278236915,Female,1,img_1756.bmp
34.0525711662,Female,1,img_1757.bmp
28.8153263533,Female,1,img_1758.bmp
26.6228558699,Female,1,img_1759.bmp
30.1285714286,Male,1,img_1760.bmp
25.6810204082,Male,1,img_1761.bmp
33.9023919753,Male,1,img_1762.bmp
23.0536265432,Male,1,img_1763.bmp
39.5759054232,Male,1,img_1764.bmp
29.0223306436,Male,1,img_1765.bmp
28.0550304558,Male,1,img_1766.bmp
18.4572568788,Male,1,img_1767.bmp
36.3238815375,Male,1,img_1768.bmp
24.9542113001,Male,1,img_1769.bmp
35.8673469388,Female,1,img_1770.bmp
30.1285714286,Female,1,img_1771.bmp
29.1560570988,Male,1,img_1772.bmp
25.0877700617,Male,1,img_1773.bmp
46.4934210526,Male,1,img_1774.bmp
32.0098684211,Male,1,img_1775.bmp
41.0488754325,Male,1,img_1776.bmp
25.8455882353,Male,1,img_1777.bmp
38.3910943079,Female,1,img_1778.bmp
34.6996429322,Female,1,img_1779.bmp
39.9256756757,Male,1,img_1780.bmp
23.75,Male,1,img_1781.bmp
24.4048799841,Male,1,img_1782.bmp
20.2211862726,Male,1,img_1783.bmp
41.5346679688,Female,1,img_1784.bmp
36.2141113281,Female,1,img_1785.bmp
39.0482266842,Male,1,img_1786.bmp
32.452242447,Male,1,img_1787.bmp
27.8912914104,Male,1,img_1788.bmp
21.6157508431,Male,1,img_1789.bmp
32.7722674073,Male,1,img_1790.bmp
25.6599880976,Male,1,img_1791.bmp
35.5613965483,Male,1,img_1792.bmp
25.7994445547,Male,1,img_1793.bmp
30.2699012812,Male,1,img_1794.bmp
26.2831337954,Male,1,img_1795.bmp
30.8459183673,Male,1,img_1796.bmp
24.8202040816,Male,1,img_1797.bmp
43.5743801653,Female,1,img_1798.bmp
27.2743342516,Female,1,img_1799.bmp
50.4832374529,Male,1,img_1800.bmp
36.3981352906,Male,1,img_1801.bmp
38.7431111111,Male,1,img_1802.bmp
32.4942222222,Male,1,img_1803.bmp
43.8917793965,Female,1,img_1804.bmp
21.9458896982,Female,1,img_1805.bmp
37.2297297297,Male,1,img_1806.bmp
29.527027027,Male,1,img_1807.bmp
44.3813131313,Female,1,img_1808.bmp
32.277318641,Female,1,img_1809.bmp
34.1100591716,Female,1,img_1810.bmp
27.4544378698,Female,1,img_1811.bmp
35.665316358,Male,1,img_1812.bmp
25.9014274691,Male,1,img_1813.bmp
29.9831382662,Male,1,img_1814.bmp
24.4048799841,Male,1,img_1815.bmp
36.6145833333,Male,1,img_1816.bmp
26.4438657407,Male,1,img_1817.bmp
59.874426079,Female,1,img_1818.bmp
48.7387511478,Female,1,img_1819.bmp
38.7843364198,Male,1,img_1820.bmp
25.4945987654,Male,1,img_1821.bmp
27.7518349534,Male,1,img_1824.bmp
18.1293394168,Male,1,img_1825.bmp
27.8581081081,Male,1,img_1826.bmp
24.2635135135,Male,1,img_1827.bmp
40.7382212144,Female,1,img_1828.bmp
31.8820861678,Female,1,img_1829.bmp
32.4847721067,Male,1,img_1831.bmp
43.5260145682,Female,1,img_1832.bmp
30.7242455775,Female,1,img_1833.bmp
37.1957671958,Female,1,img_1834.bmp
30.9964726631,Female,1,img_1835.bmp
29.0223306436,Female,1,img_1836.bmp
24.0093826234,Female,1,img_1837.bmp
39.9337278107,Female,1,img_1838.bmp
30.7822485207,Female,1,img_1839.bmp
38.3886282605,Male,1,img_1840.bmp
30.3415274911,Male,1,img_1841.bmp
39.6689189189,Male,1,img_1842.bmp
26.8310810811,Male,1,img_1843.bmp
41.7872295736,Male,1,img_1844.bmp
36.7668557026,Male,1,img_1845.bmp
37.7432432432,Male,1,img_1850.bmp
23.75,Male,1,img_1851.bmp
29.4511242604,Male,1,img_1852.bmp
24.459408284,Male,1,img_1853.bmp
38.616349481,Female,1,img_1854.bmp
29.1903114187,Female,1,img_1855.bmp
34.9675605536,Male,1,img_1856.bmp
25.8455882353,Male,1,img_1857.bmp
62.2635135135,Male,1,img_1858.bmp
36.5878378378,Male,1,img_1859.bmp
33.6311728395,Male,1,img_1860.bmp
24.680941358,Male,1,img_1861.bmp
37.2719982179,Female,1,img_1864.bmp
25.3700155937,Female,1,img_1865.bmp
30.2620511803,Male,1,img_1866.bmp
23.7075976989,Male,1,img_1867.bmp
30.2620511803,Male,1,img_1868.bmp
23.7075976989,Male,1,img_1869.bmp
30.9893877551,Male,1,img_1870.bmp
23.8159183673,Male,1,img_1871.bmp
35.15,Male,1,img_1872.bmp
25.1071428571,Male,1,img_1873.bmp
32.074985122,Male,1,img_1874.bmp
24.4048799841,Male,1,img_1875.bmp
58.9061065197,Male,1,img_1876.bmp
30.9862258953,Male,1,img_1877.bmp
28.3455112497,Female,1,img_1878.bmp
22.8643350412,Female,1,img_1879.bmp
39.1280148423,Male,1,img_1880.bmp
25.4924945185,Male,1,img_1881.bmp
41.5547006943,Male,1,img_1882.bmp
26.3839369488,Male,1,img_1883.bmp
30.8459183673,Male,1,img_1884.bmp
24.6767346939,Male,1,img_1885.bmp
37.8561851211,Male,1,img_1888.bmp
32.3830017301,Male,1,img_1889.bmp
28.0550304558,Male,1,img_1890.bmp
25.5448435203,Male,1,img_1891.bmp
34.2991180334,Male,1,img_1892.bmp
27.0435353725,Male,1,img_1893.bmp
36.3310810811,Male,1,img_1894.bmp
26.0608108108,Male,1,img_1895.bmp
40.3106490233,Male,1,img_1896.bmp
32.4847721067,Male,1,img_1897.bmp
25.2416187264,Male,1,img_1898.bmp
23.8470541559,Male,1,img_1899.bmp
33.6700824237,Male,1,img_1900.bmp
25.0568055246,Male,1,img_1901.bmp
28.5885736957,Male,1,img_1902.bmp
23.7075976989,Male,1,img_1903.bmp
33.9023919753,Male,1,img_1904.bmp
27.1219135802,Male,1,img_1905.bmp
45.9102040816,Male,1,img_1906.bmp
30.5589795918,Male,1,img_1907.bmp
38.9669942051,Female,1,img_1908.bmp
29.9337364575,Female,1,img_1909.bmp
32.9117238643,Male,1,img_1910.bmp
26.636183297,Male,1,img_1911.bmp
34.109010712,Male,1,img_1912.bmp
23.0346565848,Male,1,img_1913.bmp
33.5075999249,Male,1,img_1914.bmp
29.2861700131,Male,1,img_1915.bmp
31.4944,Male,1,img_1916.bmp
24.3706666667,Male,1,img_1917.bmp
37.2926311728,Female,1,img_1918.bmp
31.597029321,Female,1,img_1919.bmp
36.3119834711,Female,1,img_1920.bmp
28.2426538108,Female,1,img_1921.bmp
35.6664370983,Female,1,img_1922.bmp
29.8565197429,Female,1,img_1923.bmp
39.7972972973,Male,1,img_1924.bmp
22.8513513514,Male,1,img_1925.bmp
29.6819290674,Male,1,img_1926.bmp
24.4051416776,Male,1,img_1927.bmp
33.3707204369,Female,1,img_1928.bmp
24.9542113001,Female,1,img_1929.bmp
40.0908888394,Female,1,img_1930.bmp
36.3323680107,Female,1,img_1931.bmp
34.4531075963,Male,1,img_1932.bmp
26.6228558699,Male,1,img_1933.bmp
40.2341311134,Female,1,img_1934.bmp
27.9810093652,Female,1,img_1935.bmp
40.2760416667,Male,1,img_1936.bmp
29.8341049383,Male,1,img_1937.bmp
34.6646942801,Male,1,img_1938.bmp
28.8872452334,Male,1,img_1939.bmp
35.6186666667,Male,1,img_1940.bmp
24.3706666667,Male,1,img_1941.bmp
33.6396484375,Female,1,img_1942.bmp
21.6254882812,Female,1,img_1943.bmp
43.8018904321,Male,1,img_1944.bmp
38.377507716,Male,1,img_1945.bmp
46.8666666667,Male,1,img_1946.bmp
41.2426666667,Male,1,img_1947.bmp
34.9675605536,Male,1,img_1948.bmp
21.2846020761,Male,1,img_1949.bmp
52.4809027778,Male,1,img_1950.bmp
38.9199459877,Male,1,img_1951.bmp
35.15,Male,1,img_1952.bmp
29.4112244898,Male,1,img_1953.bmp
41.722972973,Male,1,img_1956.bmp
33.7635135135,Male,1,img_1957.bmp
38.312283737,Female,1,img_1958.bmp
25.3894896194,Female,1,img_1959.bmp
37.9304199219,Female,1,img_1960.bmp
25.2297363281,Female,1,img_1961.bmp
23.7455432539,Male,1,img_1962.bmp
21.107149559,Male,1,img_1963.bmp
36.3101536911,Female,1,img_1964.bmp
23.9115646259,Female,1,img_1965.bmp
34.1668319778,Male,1,img_1966.bmp
29.285855981,Male,1,img_1967.bmp
31.9936734694,Male,1,img_1968.bmp
25.1071428571,Male,1,img_1969.bmp
36.487276392,Female,1,img_1970.bmp
32.9448223734,Female,1,img_1971.bmp
41.4185677445,Female,1,img_1974.bmp
35.8403094624,Female,1,img_1975.bmp
28.7448888889,Male,1,img_1976.bmp
26.2453333333,Male,1,img_1977.bmp
45.8864901332,Male,1,img_1978.bmp
34.9780738742,Male,1,img_1979.bmp
38.2567085757,Male,1,img_1980.bmp
25.7243385251,Male,1,img_1981.bmp
37.3020408163,Female,1,img_1982.bmp
31.5632653061,Female,1,img_1983.bmp
31.8682484568,Male,1,img_1984.bmp
23.7316743827,Male,1,img_1985.bmp
30.2699012812,Female,1,img_1986.bmp
24.215921025,Female,1,img_1987.bmp
41.8090397924,Female,1,img_1988.bmp
27.365916955,Female,1,img_1989.bmp
39.1512586322,Female,1,img_1990.bmp
32.8870572511,Female,1,img_1991.bmp
55.3717706364,Male,1,img_1992.bmp
45.0357067843,Male,1,img_1993.bmp
38.2698224852,Female,1,img_1994.bmp
24.9585798817,Female,1,img_1995.bmp
42.9611111111,Female,1,img_1996.bmp
34.9547222222,Female,1,img_1997.bmp
27.1157142857,Male,1,img_1998.bmp
19.5118367347,Male,1,img_1999.bmp
34.326171875,Female,1,img_2000.bmp
26.9460449219,Female,1,img_2001.bmp
35.1756756757,Male,1,img_2002.bmp
31.8378378378,Male,1,img_2003.bmp
35.4379332073,Male,1,img_2004.bmp
25.3971854652,Male,1,img_2005.bmp
33.4472318339,Female,1,img_2006.bmp
30.4065743945,Female,1,img_2007.bmp
53.5526315789,Male,1,img_2008.bmp
40.8947368421,Male,1,img_2009.bmp
36.2779133046,Male,1,img_2010.bmp
26.3839369488,Male,1,img_2011.bmp
36.6059171598,Female,1,img_2012.bmp
25.7905325444,Female,1,img_2013.bmp
30.8459183673,Male,1,img_2014.bmp
24.1028571429,Male,1,img_2015.bmp
29.1183431953,Female,1,img_2016.bmp
27.4544378698,Female,1,img_2017.bmp
36.0424804688,Female,1,img_2018.bmp
26.6027832031,Female,1,img_2019.bmp
36.0424804688,Female,1,img_2020.bmp
30.5502929688,Female,1,img_2021.bmp
31.7748702422,Female,1,img_2022.bmp
21.1325692042,Female,1,img_2023.bmp
34.951625907,Female,1,img_2024.bmp
33.062348831,Female,1,img_2025.bmp
25.8398306973,Female,1,img_2026.bmp
22.3945199376,Female,1,img_2027.bmp
36.629026956,Male,1,img_2028.bmp
32.3537146614,Male,1,img_2029.bmp
38.0193877551,Male,1,img_2030.bmp
26.5418367347,Male,1,img_2031.bmp
44.1497584541,Male,1,img_2032.bmp
34.109010712,Male,1,img_2033.bmp
32.7722674073,Female,1,img_2034.bmp
23.0103154136,Female,1,img_2035.bmp
33.7667824074,Male,1,img_2036.bmp
31.0545910494,Male,1,img_2037.bmp
34.8267967724,Male,1,img_2038.bmp
24.2732219929,Male,1,img_2039.bmp
36.5878378378,Male,1,img_2040.bmp
29.527027027,Male,1,img_2041.bmp
43.3950617284,Male,1,img_2042.bmp
30.5121527778,Male,1,img_2043.bmp
30.5020661157,Female,1,img_2044.bmp
27.1129476584,Female,1,img_2045.bmp
27.4058810425,Female,1,img_2046.bmp
19.5756293161,Female,1,img_2047.bmp
25.8398306973,Female,1,img_2048.bmp
21.1416796614,Female,1,img_2049.bmp
40.3106490233,Male,1,img_2050.bmp
29.9745851712,Male,1,img_2051.bmp
36.3119834711,Female,1,img_2052.bmp
27.1129476584,Female,1,img_2053.bmp
33.8332466181,Female,1,img_2054.bmp
24.6891259105,Female,1,img_2055.bmp
35.8673469388,Male,1,img_2056.bmp
29.4112244898,Male,1,img_2057.bmp
38.2434362529,Male,1,img_2058.bmp
27.9073724008,Male,1,img_2059.bmp
62.2635135135,Male,1,img_2060.bmp
34.277027027,Male,1,img_2061.bmp
36.541752674,Male,1,img_2062.bmp
30.0776881216,Male,1,img_2063.bmp
58.3544921875,Female,1,img_2064.bmp
54.7502441406,Female,1,img_2065.bmp
41.5032894737,Male,1,img_2066.bmp
28.6019736842,Male,1,img_2067.bmp
42.0389660494,Male,1,img_2068.bmp
25.7658179012,Male,1,img_2069.bmp
36.2586788336,Male,1,img_2070.bmp
29.285855981,Male,1,img_2071.bmp
42.9077148438,Female,1,img_2074.bmp
25.7446289062,Female,1,img_2075.bmp
28.4780092593,Male,1,img_2076.bmp
25.7658179012,Male,1,img_2077.bmp
32.5462962963,Male,1,img_2078.bmp
24.4097222222,Male,1,img_2079.bmp
34.1671983487,Male,1,img_2082.bmp
24.4051416776,Male,1,img_2083.bmp
35.9365354938,Male,1,img_2084.bmp
28.7492283951,Male,1,img_2085.bmp
29.4440686785,Female,1,img_2086.bmp
25.6035379813,Female,1,img_2087.bmp
23.0259511212,Female,1,img_2088.bmp
21.2547241119,Female,1,img_2089.bmp
29.6951331497,Female,1,img_2090.bmp
23.2396694215,Female,1,img_2091.bmp
38.2432,Male,1,img_2092.bmp
30.6195555556,Male,1,img_2093.bmp
53.1368102797,Female,1,img_2094.bmp
30.9964726631,Female,1,img_2095.bmp
30.6804205515,Male,1,img_2096.bmp
23.0103154136,Male,1,img_2097.bmp
26.6287878788,Male,1,img_2098.bmp
22.5941230487,Male,1,img_2099.bmp
40.8607419163,Male,1,img_2102.bmp
26.4967268399,Male,1,img_2103.bmp
29.267755102,Male,1,img_2104.bmp
20.6595918367,Male,1,img_2105.bmp
30.3813766986,Male,1,img_2106.bmp
23.1775451103,Male,1,img_2107.bmp
32.277318641,Female,1,img_2108.bmp
20.9802571166,Female,1,img_2109.bmp
31.8682484568,Male,1,img_2110.bmp
26.8506944444,Male,1,img_2111.bmp
39.7336033951,Male,1,img_2112.bmp
32.5462962963,Male,1,img_2113.bmp
49.9273469388,Male,1,img_2114.bmp
32.4240816327,Male,1,img_2115.bmp
43.0067567568,Male,1,img_2116.bmp
32.0945945946,Male,1,img_2117.bmp
33.6700824237,Male,1,img_2118.bmp
27.4058810425,Male,1,img_2119.bmp
51.4892578125,Female,1,img_2120.bmp
45.8254394531,Female,1,img_2121.bmp
50.6269463668,Female,1,img_2122.bmp
31.4708044983,Female,1,img_2123.bmp
32.9117238643,Male,1,img_2124.bmp
22.4524895854,Male,1,img_2125.bmp
57.3163927336,Female,1,img_2126.bmp
34.3594290657,Female,1,img_2127.bmp
32.8618421053,Male,1,img_2128.bmp
23.125,Male,1,img_2129.bmp
25.8401596303,Male,1,img_2131.bmp
73.8750234566,Male,1,img_2132.bmp
58.176580972,Male,1,img_2133.bmp
29.7549565605,Male,1,img_2134.bmp
25.0568055246,Male,1,img_2135.bmp
29.4272762346,Female,1,img_2136.bmp
22.3755787037,Female,1,img_2137.bmp
33.6311728395,Male,1,img_2138.bmp
27.6643518519,Male,1,img_2139.bmp
30.4734471758,Male,1,img_2140.bmp
25.5924188403,Male,1,img_2141.bmp
39.7011019284,Female,1,img_2142.bmp
26.9515610652,Female,1,img_2143.bmp
35.5613965483,Male,1,img_2144.bmp
26.9150962111,Male,1,img_2145.bmp
26.289704142,Female,1,img_2146.bmp
20.1332544379,Female,1,img_2147.bmp
27.1940091252,Female,1,img_2148.bmp
21.6157508431,Female,1,img_2149.bmp
37.7644628099,Female,1,img_2150.bmp
20.0119375574,Female,1,img_2151.bmp
26.6027832031,Female,1,img_2152.bmp
22.3120117188,Female,1,img_2153.bmp
41.1965973535,Male,1,img_2154.bmp
28.3503465658,Male,1,img_2155.bmp
81.2119302668,Male,1,img_2156.bmp
42.0825456837,Male,1,img_2157.bmp
31.8682484568,Male,1,img_2158.bmp
24.4097222222,Male,1,img_2159.bmp
33.3783783784,Male,1,img_2160.bmp
26.9594594595,Male,1,img_2161.bmp
57.3247070312,Female,1,img_2162.bmp
30.7219238281,Female,1,img_2163.bmp
50.1136110492,Female,1,img_2164.bmp
32.8870572511,Female,1,img_2165.bmp
53.559392006,Male,1,img_2166.bmp
28.8904109589,Male,1,img_2167.bmp
43.9016326531,Female,1,img_2168.bmp
34.576122449,Female,1,img_2169.bmp
28.9719313878,Female,1,img_2170.bmp
24.273780352,Female,1,img_2171.bmp
43.3950617284,Male,1,img_2172.bmp
29.8341049383,Male,1,img_2173.bmp
34.5389266818,Female,1,img_2174.bmp
29.5794910557,Female,1,img_2175.bmp
43.2615384615,Female,1,img_2176.bmp
39.1017751479,Female,1,img_2177.bmp
29.425312438,Male,1,img_2178.bmp
27.7518349534,Male,1,img_2179.bmp
34.864114263,Male,1,img_2180.bmp
26.4967268399,Male,1,img_2181.bmp
35.9403550296,Female,1,img_2182.bmp
24.459408284,Female,1,img_2183.bmp
33.8587755102,Male,1,img_2184.bmp
25.2506122449,Male,1,img_2185.bmp
42.3234693878,Male,1,img_2186.bmp
31.5632653061,Male,1,img_2187.bmp
31.2444444444,Female,1,img_2188.bmp
20.1136111111,Female,1,img_2189.bmp
45.4797959184,Female,1,img_2190.bmp
32.7110204082,Female,1,img_2191.bmp
40.8607419163,Male,1,img_2192.bmp
25.5205316405,Male,1,img_2193.bmp
46.0206308272,Male,1,img_2194.bmp
26.0783574688,Male,1,img_2195.bmp
33.6700824237,Male,1,img_2196.bmp
24.273780352,Male,1,img_2197.bmp
35.6186666667,Male,1,img_2198.bmp
26.1203555556,Male,1,img_2199.bmp
58.5833333333,Male,1,img_2200.bmp
40.6177777778,Male,1,img_2201.bmp
39.4623842593,Female,1,img_2202.bmp
29.1560570988,Female,1,img_2203.bmp
28.0711805556,Male,1,img_2204.bmp
24.8165509259,Male,1,img_2205.bmp
26.6228558699,Male,1,img_2206.bmp
21.924704834,Male,1,img_2207.bmp
44.3980112873,Female,1,img_2208.bmp
36.8409029831,Female,1,img_2209.bmp
36.5764828304,Male,1,img_2210.bmp
23.7747138398,Male,1,img_2211.bmp
25.8218549128,Male,1,img_2212.bmp
25.1763085399,Male,1,img_2213.bmp
44.3671111111,Male,1,img_2216.bmp
36.8684444444,Male,1,img_2217.bmp
40.0048225309,Male,1,img_2218.bmp
24.5453317901,Male,1,img_2219.bmp
39.4661773458,Male,1,img_2220.bmp
27.8912914104,Male,1,img_2221.bmp
32.5462962963,Male,1,img_2222.bmp
23.0536265432,Male,1,img_2223.bmp
29.9831382662,Male,1,img_2224.bmp
25.1021622694,Male,1,img_2225.bmp
39.4750976562,Female,1,img_2226.bmp
31.7517089844,Female,1,img_2227.bmp
37.8566597294,Male,1,img_2228.bmp
28.3467741935,Male,1,img_2229.bmp
35.8673469388,Male,1,img_2230.bmp
28.693877551,Male,1,img_2231.bmp
33.0754043268,Male,1,img_2232.bmp
28.940978786,Male,1,img_2233.bmp
30.1285714286,Male,1,img_2234.bmp
27.9765306122,Male,1,img_2235.bmp
29.8341049383,Male,1,img_2236.bmp
25.6302083333,Male,1,img_2237.bmp
47.1984863281,Female,1,img_2240.bmp
29.1772460938,Female,1,img_2241.bmp
37.0298306907,Female,1,img_2246.bmp
22.8602526203,Female,1,img_2247.bmp
28.1889062152,Female,1,img_2248.bmp
21.1416796614,Female,1,img_2249.bmp
26.214159738,Male,1,img_2252.bmp
22.3174603175,Male,1,img_2253.bmp
42.3234693878,Male,1,img_2254.bmp
27.9765306122,Male,1,img_2255.bmp
37.4416896235,Female,1,img_2256.bmp
26.6287878788,Female,1,img_2257.bmp
27.8041992188,Female,1,img_2258.bmp
24.3715820312,Female,1,img_2259.bmp
37.9706790123,Male,1,img_2260.bmp
23.7316743827,Male,1,img_2261.bmp
39.8676748582,Male,1,img_2262.bmp
32.1894559966,Male,1,img_2263.bmp
43.0408163265,Male,1,img_2264.bmp
31.5632653061,Male,1,img_2265.bmp
33.2230623819,Male,1,img_2266.bmp
26.2831337954,Male,1,img_2267.bmp
26.5684051398,Female,1,img_2268.bmp
22.6717057193,Female,1,img_2269.bmp
41.606122449,Male,1,img_2270.bmp
31.5632653061,Male,1,img_2271.bmp
52.3474121094,Female,1,img_2272.bmp
27.6325683594,Female,1,img_2273.bmp
38.7367346939,Male,1,img_2274.bmp
30.1285714286,Male,1,img_2275.bmp
32.9188345473,Female,1,img_2276.bmp
25.6035379813,Female,1,img_2277.bmp
34.6188444444,Male,1,img_2278.bmp
19.2465777778,Male,1,img_2279.bmp
24.6293252595,Male,1,img_2280.bmp
22.8049307958,Male,1,img_2281.bmp
29.5794910557,Female,1,img_2282.bmp
23.9115646259,Female,1,img_2283.bmp
27.3334655822,Male,1,img_2285.bmp
35.9936,Male,1,img_2286.bmp
27.3701333333,Male,1,img_2287.bmp
35.0795277345,Female,1,img_2288.bmp
25.3700155937,Female,1,img_2289.bmp
26.0853432282,Male,1,img_2290.bmp
23.7139483893,Male,1,img_2291.bmp
36.9559611188,Male,1,img_2296.bmp
32.7722674073,Male,1,img_2297.bmp
31.6142011834,Female,1,img_2298.bmp
23.2946745562,Female,1,img_2299.bmp
42.7944849116,Female,1,img_2300.bmp
36.5764828304,Female,1,img_2301.bmp
33.084251607,Female,1,img_2302.bmp
21.7871900826,Female,1,img_2303.bmp
41.0305190466,Male,1,img_2304.bmp
30.0681666295,Male,1,img_2305.bmp
29.1418918919,Male,1,img_2306.bmp
22.4662162162,Male,1,img_2307.bmp
30.6634527089,Male,1,img_2308.bmp
20.9802571166,Male,1,img_2309.bmp
32.8175154321,Male,1,img_2310.bmp
28.7492283951,Male,1,img_2311.bmp
32.7614784206,Female,1,img_2312.bmp
27.9198806244,Female,1,img_2313.bmp
33.4955632716,Male,1,img_2314.bmp
31.4614197531,Male,1,img_2315.bmp
27.669982699,Female,1,img_2316.bmp
21.5886678201,Female,1,img_2317.bmp
29.0495867769,Female,1,img_2318.bmp
24.2079889807,Female,1,img_2319.bmp
34.9420118343,Male,1,img_2320.bmp
24.1266272189,Male,1,img_2321.bmp
36.9559611188,Male,1,img_2324.bmp
25.7994445547,Male,1,img_2325.bmp
29.950295858,Female,1,img_2326.bmp
28.9519526627,Female,1,img_2328.bmp
24.9585798817,Female,1,img_2329.bmp
25.9389010117,Male,1,img_2330.bmp
23.7075976989,Male,1,img_2331.bmp
24.3897959184,Female,1,img_2332.bmp
21.5204081633,Female,1,img_2333.bmp
38.0193877551,Male,1,img_2334.bmp
30.1285714286,Male,1,img_2335.bmp
46.5893491124,Female,1,img_2336.bmp
30.7822485207,Female,1,img_2337.bmp
27.1176757812,Female,1,img_2338.bmp
23.6850585938,Female,1,img_2339.bmp
38.7431111111,Male,1,img_2340.bmp
29.9946666667,Male,1,img_2341.bmp
28.12,Male,1,img_2342.bmp
24.9955555556,Male,1,img_2343.bmp
41.0305190466,Female,1,img_2344.bmp
34.4531075963,Female,1,img_2345.bmp
33.7153061224,Male,1,img_2346.bmp
23.6724489796,Male,1,img_2347.bmp
38.7327823691,Male,1,img_2348.bmp
28.2426538108,Male,1,img_2349.bmp
30.7927631579,Male,1,img_2350.bmp
28.8453947368,Male,1,img_2351.bmp
33.7926614325,Male,1,img_2352.bmp
27.5973401698,Male,1,img_2353.bmp
26.6027832031,Female,1,img_2354.bmp
23.1701660156,Female,1,img_2355.bmp
53.8951900861,Male,1,img_2356.bmp
36.7668557026,Male,1,img_2357.bmp
37.6532434041,Male,1,img_2358.bmp
26.2178139258,Male,1,img_2359.bmp
31.3210069058,Female,1,img_2360.bmp
23.3341501448,Female,1,img_2361.bmp
44.0021003991,Male,1,img_2362.bmp
24.6588951901,Male,1,img_2363.bmp
55.8711419753,Male,1,img_2364.bmp
33.9023919753,Male,1,img_2365.bmp
28.8904109589,Male,1,img_2366.bmp
24.8009007318,Male,1,img_2367.bmp
27.0435353725,Male,1,img_2368.bmp
25.7243385251,Male,1,img_2369.bmp
39.5285467128,Male,1,img_2370.bmp
25.8455882353,Male,1,img_2371.bmp
32.7789349112,Female,1,img_2372.bmp
22.9618934911,Female,1,img_2373.bmp
34.8155276817,Female,1,img_2374.bmp
25.2374567474,Female,1,img_2375.bmp
34.864114263,Male,1,img_2376.bmp
29.9831382662,Male,1,img_2377.bmp
41.8043665613,Female,1,img_2378.bmp
35.7457627119,Female,1,img_2379.bmp
34.3848427842,Female,1,img_2380.bmp
26.4498790648,Female,1,img_2381.bmp
45.8310810811,Male,1,img_2382.bmp
35.4324324324,Male,1,img_2383.bmp
31.1667387543,Female,1,img_2384.bmp
26.6057525952,Female,1,img_2385.bmp
39.321239607,Female,1,img_2386.bmp
35.0702947846,Female,1,img_2387.bmp
40.163459631,Male,1,img_2388.bmp
34.3062884348,Male,1,img_2389.bmp
46.1718896603,Male,1,img_2390.bmp
32.979921186,Male,1,img_2391.bmp
29.7042253521,Male,1,img_2392.bmp
26.2178139258,Male,1,img_2393.bmp
42.2832874197,Female,1,img_2394.bmp
33.084251607,Female,1,img_2395.bmp
32.0038580247,Male,1,img_2396.bmp
27.528742284,Male,1,img_2397.bmp
38.0813807004,Female,1,img_2398.bmp
27.4540186445,Female,1,img_2399.bmp
30.8459183673,Male,1,img_2400.bmp
27.1157142857,Male,1,img_2401.bmp
29.9831382662,Male,1,img_2402.bmp
23.7075976989,Male,1,img_2403.bmp
34.8410644531,Male,1,img_2404.bmp
30.8935546875,Male,1,img_2405.bmp
59.1967030519,Female,1,img_2406.bmp
51.2098462909,Female,1,img_2407.bmp
48.9147949219,Female,1,img_2408.bmp
30.8935546875,Female,1,img_2409.bmp
39.0478079746,Male,1,img_2410.bmp
25.5205316405,Male,1,img_2411.bmp
30.1108591585,Female,1,img_2412.bmp
22.1403376165,Female,1,img_2413.bmp
34.2991180334,Male,1,img_2414.bmp
25.0647401013,Male,1,img_2415.bmp
34.2139577594,Female,1,img_2416.bmp
25.8218549128,Female,1,img_2417.bmp
29.7549565605,Male,1,img_2418.bmp
24.273780352,Male,1,img_2419.bmp
33.4695496925,Male,1,img_2420.bmp
27.0545526681,Male,1,img_2421.bmp
23.75,Male,1,img_2422.bmp
21.0540540541,Male,1,img_2423.bmp
25.6827916352,Female,1,img_2424.bmp
22.1403376165,Female,1,img_2425.bmp
38.3505256893,Male,1,img_2426.bmp
25.7994445547,Male,1,img_2427.bmp
55.5947872577,Female,1,img_2428.bmp
43.8494096681,Female,1,img_2429.bmp
51.4892578125,Female,1,img_2430.bmp
32.6098632812,Female,1,img_2431.bmp
38.7327823691,Female,1,img_2432.bmp
29.6951331497,Female,1,img_2433.bmp
42.0389660494,Male,1,img_2434.bmp
24.4097222222,Male,1,img_2435.bmp
57.6069444444,Male,1,img_2436.bmp
35.15,Male,1,img_2437.bmp
45.4797959184,Female,1,img_2438.bmp
27.2591836735,Female,1,img_2439.bmp
33.4955632716,Male,1,img_2440.bmp
30.6477623457,Male,1,img_2441.bmp
31.9233398438,Female,1,img_2442.bmp
27.8041992188,Female,1,img_2443.bmp
23.7316743827,Female,1,img_2444.bmp
21.6975308642,Female,1,img_2445.bmp
23.8672839506,Male,1,img_2446.bmp
22.9180169753,Male,1,img_2447.bmp
43.2315016862,Male,1,img_2448.bmp
34.864114263,Male,1,img_2449.bmp
48.8102833552,Male,1,img_2450.bmp
26.1200975793,Male,1,img_2451.bmp
37.7271352986,Female,1,img_2452.bmp
32.7676996725,Female,1,img_2453.bmp
31.1667387543,Female,1,img_2454.bmp
26.6057525952,Female,1,img_2455.bmp
43.8494096681,Female,1,img_2456.bmp
31.3210069058,Female,1,img_2457.bmp
43.9016326531,Female,1,img_2458.bmp
37.5889795918,Female,1,img_2459.bmp
39.1512586322,Male,1,img_2460.bmp
25.8398306973,Male,1,img_2461.bmp
26.7763157895,Male,1,img_2462.bmp
22.5164473684,Male,1,img_2463.bmp
30.5502929688,Female,1,img_2464.bmp
24.8864746094,Female,1,img_2465.bmp
29.8565197429,Female,1,img_2466.bmp
24.5307621671,Female,1,img_2467.bmp
44.4243421053,Male,1,img_2470.bmp
35.9046052632,Male,1,img_2471.bmp
37.9258494031,Female,1,img_2472.bmp
25.6604683196,Female,1,img_2473.bmp
29.425312438,Male,1,img_2474.bmp
24.4048799841,Male,1,img_2475.bmp
39.4540816327,Male,1,img_2476.bmp
28.693877551,Male,1,img_2477.bmp
36.2731360947,Female,1,img_2478.bmp
29.7839053254,Female,1,img_2479.bmp
53.8010204082,Male,1,img_2480.bmp
34.4326530612,Male,1,img_2481.bmp
42.5692041522,Male,1,img_2482.bmp
31.1667387543,Male,1,img_2483.bmp
28.5021162843,Female,1,img_2484.bmp
24.586990421,Female,1,img_2485.bmp
28.5021162843,Female,1,img_2486.bmp
24.586990421,Female,1,img_2487.bmp
41.032244898,Male,1,img_2488.bmp
25.2506122449,Male,1,img_2489.bmp
25.0877700617,Female,1,img_2490.bmp
18.3072916667,Female,1,img_2491.bmp
45.9034859521,Female,1,img_2492.bmp
33.2845993757,Female,1,img_2493.bmp
37.6528040328,Male,1,img_2494.bmp
27.3167401806,Male,1,img_2495.bmp
39.3197190427,Female,1,img_2496.bmp
37.8566597294,Female,1,img_2497.bmp
37.1027777778,Female,1,img_2498.bmp
28.3152777778,Female,1,img_2499.bmp
34.4531075963,Male,1,img_2500.bmp
26.6228558699,Male,1,img_2501.bmp
41.0488754325,Female,1,img_2502.bmp
33.14316609,Female,1,img_2503.bmp
46.3179522498,Female,1,img_2504.bmp
33.084251607,Female,1,img_2505.bmp
46.9815103587,Female,1,img_2506.bmp
37.5852082869,Female,1,img_2507.bmp
38.312283737,Female,1,img_2508.bmp
23.8691608997,Female,1,img_2509.bmp
48.093204775,Female,1,img_2510.bmp
30.9862258953,Female,1,img_2511.bmp
35.0795277345,Male,1,img_2512.bmp
30.6945867677,Male,1,img_2513.bmp
35.4379332073,Male,1,img_2514.bmp
23.4776307498,Male,1,img_2515.bmp
31.8682484568,Female,1,img_2517.bmp
22.2379149031,Female,1,img_2518.bmp
20.6718645578,Female,1,img_2519.bmp
29.9831382662,Male,1,img_2520.bmp
19.5239039873,Male,1,img_2521.bmp
30.6804205515,Male,1,img_2522.bmp
27.8912914104,Male,1,img_2523.bmp
32.2666015625,Female,1,img_2524.bmp
26.2595214844,Female,1,img_2525.bmp
33.062348831,Female,1,img_2526.bmp
19.8374092986,Female,1,img_2527.bmp
42.0968047337,Female,1,img_2528.bmp
24.459408284,Female,1,img_2529.bmp
61.6496786042,Female,1,img_2530.bmp
21.7667479827,Male,1,img_2533.bmp
29.0495867769,Female,1,img_2534.bmp
24.2079889807,Female,1,img_2535.bmp
32.7722674073,Male,1,img_2536.bmp
25.1021622694,Male,1,img_2537.bmp
41.3191836735,Female,1,img_2538.bmp
34.7195918367,Female,1,img_2539.bmp
26.6224852071,Female,1,img_2540.bmp
19.1349112426,Female,1,img_2541.bmp
26.5784499055,Male,1,img_2542.bmp
21.8533921445,Male,1,img_2543.bmp
35.9365354938,Male,1,img_2544.bmp
25.7658179012,Male,1,img_2545.bmp
37.8759183673,Male,1,img_2546.bmp
31.5632653061,Male,1,img_2547.bmp
21.5029086132,Male,1,img_2548.bmp
19.3921936573,Male,1,img_2549.bmp
34.930541103,Female,1,img_2550.bmp
27.4323621228,Female,1,img_2551.bmp
66.203433923,Female,1,img_2552.bmp
54.8647242456,Female,1,img_2553.bmp
45.2936414235,Male,1,img_2554.bmp
33.4366672289,Male,1,img_2555.bmp
36.9559611188,Male,1,img_2556.bmp
24.4048799841,Male,1,img_2557.bmp
32.9979591837,Male,1,img_2558.bmp
24.9636734694,Male,1,img_2559.bmp
28.1260813149,Male,1,img_2560.bmp
25.3894896194,Male,1,img_2561.bmp
31.5988237765,Male,1,img_2562.bmp
28.6456626759,Male,1,img_2563.bmp
28.8851351351,Male,1,img_2564.bmp
25.6756756757,Male,1,img_2565.bmp
34.9949590422,Male,1,img_2568.bmp
29.088636841,Male,1,img_2569.bmp
34.7160493827,Female,1,img_2570.bmp
25.8599143361,Female,1,img_2571.bmp
33.2243441358,Male,1,img_2572.bmp
23.7316743827,Male,1,img_2573.bmp
40.3106490233,Male,1,img_2574.bmp
24.6588951901,Male,1,img_2575.bmp
30.5413631634,Female,1,img_2576.bmp
26.3350676379,Female,1,img_2577.bmp
25.3700155937,Female,1,img_2578.bmp
20.2020494542,Female,1,img_2579.bmp
31.6142011834,Female,1,img_2580.bmp
21.6307692308,Female,1,img_2581.bmp
24.7971781305,Female,1,img_2582.bmp
19.4834971025,Female,1,img_2583.bmp
27.4058810425,Female,1,img_2584.bmp
22.2379149031,Female,1,img_2585.bmp
49.3305858766,Female,1,img_2588.bmp
35.236132769,Female,1,img_2589.bmp
29.8505778017,Female,1,img_2590.bmp
20.7820478366,Female,1,img_2591.bmp
34.9675605536,Female,1,img_2592.bmp
22.044766436,Female,1,img_2593.bmp
39.5975510204,Male,1,img_2594.bmp
27.6895918367,Male,1,img_2595.bmp
37.2297297297,Male,1,img_2596.bmp
28.8851351351,Male,1,img_2597.bmp
40.3466483012,Female,1,img_2598.bmp
31.9545454545,Female,1,img_2599.bmp
28.1702043245,Male,1,img_2600.bmp
21.1973814719,Male,1,img_2601.bmp
32.5462962963,Male,1,img_2602.bmp
26.4438657407,Male,1,img_2603.bmp
31.7464818315,Male,1,img_2604.bmp
24.36357908,Male,1,img_2605.bmp
48.056640625,Female,1,img_2606.bmp
30.8935546875,Female,1,img_2607.bmp
39.8676748582,Male,1,img_2608.bmp
33.961352657,Male,1,img_2609.bmp
34.4326530612,Male,1,img_2610.bmp
24.3897959184,Male,1,img_2611.bmp
41.186240258,Female,1,img_2612.bmp
33.2512765386,Female,1,img_2613.bmp
34.8595041322,Female,1,img_2614.bmp
25.1763085399,Female,1,img_2615.bmp
29.7839053254,Female,1,img_2616.bmp
20.466035503,Female,1,img_2617.bmp
43.5743801653,Female,1,img_2618.bmp
22.9168962351,Female,1,img_2619.bmp
32.0945945946,Male,1,img_2620.bmp
28.7567567568,Male,1,img_2621.bmp
32.0044224766,Female,1,img_2622.bmp
21.0314776275,Female,1,img_2623.bmp
36.6059171598,Male,1,img_2624.bmp
31.6142011834,Male,1,img_2625.bmp
29.6175147929,Female,1,img_2626.bmp
24.9585798817,Female,1,img_2627.bmp
33.3783783784,Male,1,img_2628.bmp
27.6013513514,Male,1,img_2629.bmp
23.4130622837,Female,1,img_2630.bmp
18.2439446367,Female,1,img_2631.bmp
37.1189164371,Female,1,img_2632.bmp
32.277318641,Female,1,img_2633.bmp
30.4155102041,Female,1,img_2634.bmp
23.2420408163,Female,1,img_2635.bmp
33.610887574,Female,1,img_2636.bmp
25.6241420118,Female,1,img_2637.bmp
38.6487268519,Male,1,img_2638.bmp
28.4780092593,Male,1,img_2639.bmp
36.0140739351,Male,1,img_2640.bmp
23.6136235691,Male,1,img_2641.bmp
39.3267746914,Male,1,img_2642.bmp
29.8341049383,Male,1,img_2643.bmp
38.9669942051,Female,1,img_2644.bmp
31.8820861678,Female,1,img_2645.bmp
37.4933333333,Male,1,img_2646.bmp
27.4951111111,Male,1,img_2647.bmp
29.4112244898,Male,1,img_2648.bmp
24.3897959184,Male,1,img_2649.bmp
29.1772460938,Female,1,img_2650.bmp
23.1701660156,Female,1,img_2651.bmp
19.7702702703,Female,1,img_2654.bmp
17.7162162162,Female,1,img_2655.bmp
34.309220679,Male,1,img_2656.bmp
28.4780092593,Male,1,img_2657.bmp
38.7885742188,Female,1,img_2658.bmp
23.341796875,Female,1,img_2659.bmp
33.2230623819,Male,1,img_2660.bmp
25.8401596303,Male,1,img_2661.bmp
49.9911111111,Male,1,img_2662.bmp
33.744,Male,1,img_2663.bmp
29.6819290674,Male,1,img_2664.bmp
26.1200975793,Male,1,img_2665.bmp
25.0568055246,Female,1,img_2668.bmp
21.1416796614,Female,1,img_2669.bmp
29.5794910557,Female,1,img_2670.bmp
28.1625094482,Female,1,img_2671.bmp
32.687067474,Male,1,img_2672.bmp
23.4130622837,Male,1,img_2673.bmp
50.9743652344,Female,1,img_2674.bmp
30.20703125,Female,1,img_2675.bmp
48.0868639053,Female,1,img_2676.bmp
39.7673372781,Female,1,img_2677.bmp
38.7327823691,Female,1,img_2678.bmp
28.2426538108,Female,1,img_2679.bmp
38.7301800591,Female,1,img_2680.bmp
27.3945176028,Female,1,img_2681.bmp
42.1267542883,Female,1,img_2682.bmp
32.573847182,Female,1,img_2683.bmp
32.5350346021,Female,1,img_2684.bmp
21.892733564,Female,1,img_2685.bmp
32.7789349112,Female,1,img_2686.bmp
24.2930177515,Female,1,img_2687.bmp
28.0812672176,Female,1,img_2688.bmp
24.2079889807,Female,1,img_2689.bmp
44.7040863177,Female,1,img_2690.bmp
29.0495867769,Female,1,img_2691.bmp
29.285855981,Male,1,img_2692.bmp
27.7518349534,Male,1,img_2693.bmp
43.2638101239,Male,1,img_2694.bmp
31.5988237765,Male,1,img_2695.bmp
50.2878417969,Female,1,img_2696.bmp
34.1545410156,Female,1,img_2697.bmp
42.3101851852,Male,1,img_2698.bmp
32.5462962963,Male,1,img_2699.bmp
27.4323621228,Female,1,img_2700.bmp
24.8720083247,Female,1,img_2701.bmp
39.3197190427,Female,1,img_2702.bmp
29.8098335068,Female,1,img_2703.bmp
28.693877551,Male,1,img_2704.bmp
25.1071428571,Male,1,img_2705.bmp
42.7170138889,Male,1,img_2706.bmp
27.7999614198,Male,1,img_2707.bmp
44.7040863177,Female,1,img_2708.bmp
30.5020661157,Female,1,img_2709.bmp
36.6191976476,Male,1,img_2710.bmp
31.7464818315,Male,1,img_2711.bmp
29.0495867769,Female,1,img_2713.bmp
38.377507716,Male,1,img_2716.bmp
28.884837963,Male,1,img_2717.bmp
35.665316358,Male,1,img_2718.bmp
25.4945987654,Male,1,img_2719.bmp
43.1773356401,Male,1,img_2720.bmp
36.0317906574,Male,1,img_2721.bmp
26.4498790648,Female,1,img_2723.bmp
33.961352657,Male,1,img_2724.bmp
24.36357908,Male,1,img_2725.bmp
37.6532434041,Male,1,img_2726.bmp
29.285855981,Male,1,img_2727.bmp
43.9287839714,Male,1,img_2728.bmp
25.7994445547,Male,1,img_2729.bmp
30.6634527089,Female,1,img_2732.bmp
26.3060146924,Female,1,img_2733.bmp
27.0665972945,Female,1,img_2734.bmp
23.2260665973,Female,1,img_2735.bmp
45.1389160156,Female,1,img_2736.bmp
27.9758300781,Female,1,img_2737.bmp
30.6804205515,Male,1,img_2740.bmp
22.3130331283,Male,1,img_2741.bmp
31.3777028367,Male,1,img_2742.bmp
27.8912914104,Male,1,img_2743.bmp
32.9979591837,Male,1,img_2744.bmp
27.1157142857,Male,1,img_2745.bmp
34.6621621622,Male,1,img_2746.bmp
21.8243243243,Male,1,img_2747.bmp
42.9287573964,Female,1,img_2748.bmp
40.9320710059,Female,1,img_2749.bmp
28.7492283951,Male,1,img_2752.bmp
21.2907021605,Male,1,img_2753.bmp
30.1285714286,Male,1,img_2754.bmp
22.237755102,Male,1,img_2755.bmp
41.0810810811,Male,1,img_2756.bmp
25.0337837838,Male,1,img_2757.bmp
27.4609375,Female,1,img_2758.bmp
24.0283203125,Female,1,img_2759.bmp
36.3119834711,Male,1,img_2760.bmp
29.3723599633,Male,1,img_2761.bmp
41.0488754325,Male,1,img_2762.bmp
33.2951989619,Male,1,img_2763.bmp
38.4053069719,Female,1,img_2764.bmp
29.6269510926,Female,1,img_2765.bmp
40.3106490233,Male,1,img_2766.bmp
24.06826297,Male,1,img_2767.bmp
46.8581081081,Male,1,img_2768.bmp
39.7972972973,Male,1,img_2769.bmp
46.2995437413,Male,1,img_2770.bmp
30.4015076374,Male,1,img_2771.bmp
44.3192247717,Female,1,img_2772.bmp
37.7418133215,Female,1,img_2773.bmp
27.4026530612,Male,1,img_2774.bmp
22.6681632653,Male,1,img_2775.bmp
32.2806122449,Male,1,img_2776.bmp
26.5418367347,Male,1,img_2777.bmp
42.0389660494,Male,1,img_2778.bmp
29.1560570988,Male,1,img_2779.bmp
33.2781065089,Female,1,img_2780.bmp
21.6307692308,Female,1,img_2781.bmp
42.4171712803,Male,1,img_2782.bmp
28.2781141869,Male,1,img_2783.bmp
31.4478106509,Female,1,img_2784.bmp
32.1177102929,Female,1,img_2786.bmp
24.1827465735,Female,1,img_2787.bmp
53.8010204082,Male,1,img_2788.bmp
32.9979591837,Male,1,img_2789.bmp
36.4878892734,Female,1,img_2790.bmp
26.9098183391,Female,1,img_2791.bmp
34.326171875,Female,1,img_2792.bmp
28.6623535156,Female,1,img_2793.bmp
33.610887574,Female,1,img_2794.bmp
26.289704142,Female,1,img_2795.bmp
33.7926614325,Male,1,img_2796.bmp
28.1605511937,Male,1,img_2797.bmp
29.1772460938,Female,1,img_2798.bmp
23.341796875,Female,1,img_2799.bmp
39.1512586322,Female,1,img_2800.bmp
32.1040320784,Female,1,img_2801.bmp
30.8108108108,Male,1,img_2802.bmp
24.3918918919,Male,1,img_2803.bmp
36.2779133046,Male,1,img_2804.bmp
23.7455432539,Male,1,img_2805.bmp
56.1100609116,Male,1,img_2806.bmp
45.9216551145,Male,1,img_2807.bmp
28.2426538108,Female,1,img_2808.bmp
21.9485766758,Female,1,img_2809.bmp
25.3589891975,Male,1,img_2810.bmp
24.4097222222,Male,1,img_2811.bmp
38.7431111111,Male,1,img_2812.bmp
32.3692444444,Male,1,img_2813.bmp
28.0550304558,Male,1,img_2814.bmp
25.8401596303,Male,1,img_2815.bmp
28.3396321492,Female,1,img_2816.bmp
23.0259511212,Female,1,img_2817.bmp
37.4933333333,Male,1,img_2818.bmp
26.8702222222,Male,1,img_2819.bmp
31.8682484568,Male,1,img_2820.bmp
22.3755787037,Male,1,img_2821.bmp
37.0621718126,Male,1,img_2822.bmp
26.1354757404,Male,1,img_2823.bmp
27.3167401806,Male,1,img_2824.bmp
22.8869985297,Male,1,img_2825.bmp
39.1512586322,Female,1,img_2826.bmp
31.6342169748,Female,1,img_2827.bmp
40.8951022706,Male,1,img_2828.bmp
31.0011259148,Male,1,img_2829.bmp
28.5885736957,Male,1,img_2830.bmp
25.1021622694,Male,1,img_2831.bmp
34.006987369,Female,1,img_2832.bmp
25.5052405267,Female,1,img_2833.bmp
39.0478079746,Male,1,img_2834.bmp
23.0103154136,Male,1,img_2835.bmp
27.8082640464,Female,1,img_2836.bmp
21.7860922147,Female,1,img_2837.bmp
24.36357908,Male,1,img_2838.bmp
22.5916824197,Male,1,img_2839.bmp
34.6875,Male,1,img_2840.bmp
26.1677631579,Male,1,img_2841.bmp
47.2505776097,Male,1,img_2844.bmp
38.3910943079,Male,1,img_2845.bmp
38.7431111111,Male,1,img_2846.bmp
31.2444444444,Male,1,img_2847.bmp
48.1413966049,Male,1,img_2848.bmp
37.1570216049,Male,1,img_2849.bmp
53.2449704142,Female,1,img_2850.bmp
30.9486390533,Female,1,img_2851.bmp
43.2615384615,Male,1,img_2852.bmp
29.2847337278,Male,1,img_2853.bmp
49.7147491349,Male,1,img_2854.bmp
45.0017301038,Male,1,img_2855.bmp
38.2432,Male,1,img_2856.bmp
30.9944888889,Male,1,img_2857.bmp
48.2702702703,Male,1,img_2858.bmp
24.1351351351,Male,1,img_2859.bmp
32.6819058642,Male,1,img_2860.bmp
26.8506944444,Male,1,img_2861.bmp
48.7087427564,Female,1,img_2862.bmp
33.1219450743,Female,1,img_2863.bmp
34.1668319778,Male,1,img_2864.bmp
26.9150962111,Male,1,img_2865.bmp
30.8459183673,Male,1,img_2866.bmp
26.5418367347,Male,1,img_2867.bmp
28.7855621302,Female,1,img_2868.bmp
26.7888757396,Female,1,img_2869.bmp
40.8951022706,Male,1,img_2870.bmp
30.3415274911,Male,1,img_2871.bmp
30.7128754463,Female,1,img_2872.bmp
25.2495274102,Female,1,img_2873.bmp
28.3190917969,Female,1,img_2874.bmp
20.4240722656,Female,1,img_2875.bmp
29.7566137566,Female,1,img_2876.bmp
25.3285462333,Female,1,img_2877.bmp
46.2428626543,Male,1,img_2878.bmp
37.2926311728,Male,1,img_2879.bmp
44.3813131313,Female,1,img_2880.bmp
29.5337465565,Female,1,img_2881.bmp
51.4486770501,Male,1,img_2882.bmp
26.3839369488,Male,1,img_2883.bmp
37.7290298367,Male,1,img_2884.bmp
29.8138487521,Male,1,img_2885.bmp
39.1512586322,Male,1,img_2886.bmp
25.8398306973,Male,1,img_2887.bmp
30.7219238281,Female,1,img_2888.bmp
26.9460449219,Female,1,img_2889.bmp
40.6828703704,Male,1,img_2890.bmp
29.5628858025,Male,1,img_2891.bmp
32.1040320784,Male,1,img_2892.bmp
25.8398306973,Male,1,img_2893.bmp
44.4636532299,Male,1,img_2894.bmp
32.0138303255,Male,1,img_2895.bmp
32.5462962963,Male,1,img_2896.bmp
28.4780092593,Male,1,img_2897.bmp
29.7984429066,Male,1,img_2898.bmp
22.044766436,Male,1,img_2899.bmp
31.3258101852,Male,1,img_2900.bmp
24.4097222222,Male,1,img_2901.bmp
46.8666666667,Male,1,img_2902.bmp
31.4944,Male,1,img_2903.bmp
56.4853076217,Female,1,img_2904.bmp
41.1535812672,Female,1,img_2905.bmp
29.2611862643,Male,1,img_2906.bmp
25.9693028096,Male,1,img_2907.bmp
38.6026035503,Female,1,img_2908.bmp
24.7921893491,Female,1,img_2909.bmp
44.9324324324,Male,1,img_2910.bmp
32.0945945946,Male,1,img_2911.bmp
37.7271352986,Female,1,img_2914.bmp
34.1846812799,Female,1,img_2915.bmp
43.0663844954,Female,1,img_2916.bmp
35.7059478726,Female,1,img_2917.bmp
30.4065743945,Female,1,img_2918.bmp
26.7577854671,Female,1,img_2919.bmp
36.1757629762,Male,1,img_2920.bmp
27.249276008,Male,1,img_2921.bmp
32.7364864865,Male,1,img_2922.bmp
27.9864864865,Male,1,img_2923.bmp
28.7448888889,Male,1,img_2924.bmp
25.9953777778,Male,1,img_2925.bmp
39.6748185972,Female,1,img_2926.bmp
23.6159634507,Female,1,img_2927.bmp
34.2073961938,Male,1,img_2928.bmp
28.1260813149,Male,1,img_2929.bmp
26.9150962111,Male,1,img_2930.bmp
25.9389010117,Male,1,img_2931.bmp
28.3467741935,Female,1,img_2932.bmp
21.9458896982,Female,1,img_2933.bmp
33.961352657,Male,1,img_2934.bmp
28.4980046209,Male,1,img_2935.bmp
55.1249721542,Female,1,img_2936.bmp
31.6342169748,Female,1,img_2937.bmp
30.8248393021,Female,1,img_2938.bmp
23.0782828283,Female,1,img_2939.bmp
51.8657777778,Male,1,img_2940.bmp
33.744,Male,1,img_2941.bmp
42.7170138889,Male,1,img_2942.bmp
30.5121527778,Male,1,img_2943.bmp
33.6533131771,Female,1,img_2944.bmp
22.1403376165,Female,1,img_2945.bmp
36.1542857143,Male,1,img_2946.bmp
31.5632653061,Male,1,img_2947.bmp
43.0408163265,Male,1,img_2948.bmp
24.8202040816,Male,1,img_2949.bmp
23.6286111111,Female,1,img_2950.bmp
21.2852777778,Female,1,img_2951.bmp
29.8565197429,Female,1,img_2952.bmp
22.9168962351,Female,1,img_2953.bmp
28.4567380671,Male,1,img_2956.bmp
24.306797099,Male,1,img_2957.bmp
25.3285462333,Female,1,img_2958.bmp
20.5462333081,Female,1,img_2959.bmp
34.5804398148,Male,1,img_2960.bmp
27.1219135802,Male,1,img_2961.bmp
35.7332493174,Male,1,img_2962.bmp
29.3839529511,Male,1,img_2963.bmp
56.1100609116,Male,1,img_2964.bmp
44.1497584541,Male,1,img_2965.bmp
27.8912914104,Female,1,img_2966.bmp
25.1021622694,Female,1,img_2967.bmp
25.0149219467,Male,1,img_2968.bmp
22.7555096419,Male,1,img_2969.bmp
27.2880473373,Female,1,img_2970.bmp
21.9635502959,Female,1,img_2971.bmp
31.1959459459,Male,1,img_2972.bmp
22.8513513514,Male,1,img_2973.bmp
39.9337278107,Female,1,img_2974.bmp
27.9536094675,Female,1,img_2975.bmp
30.2699012812,Male,1,img_2976.bmp
24.5112371351,Male,1,img_2977.bmp
26.6287878788,Male,1,img_2978.bmp
25.0149219467,Male,1,img_2979.bmp
46.8249053241,Female,1,img_2980.bmp
34.6097126309,Female,1,img_2981.bmp
38.2110692323,Male,1,img_2984.bmp
24.2654235271,Male,1,img_2985.bmp
35.5709225839,Male,1,img_2988.bmp
29.7610052285,Male,1,img_2989.bmp
40.2341311134,Female,1,img_2990.bmp
33.1017169615,Female,1,img_2991.bmp
37.5500125976,Female,1,img_2992.bmp
34.8931720836,Female,1,img_2993.bmp
31.5278407659,Female,1,img_2994.bmp
26.214159738,Female,1,img_2995.bmp
35.236132769,Male,1,img_2996.bmp
27.249276008,Male,1,img_2997.bmp
45.3426498253,Female,1,img_2998.bmp
37.4076861059,Female,1,img_2999.bmp
30.5121527778,Male,1,img_3000.bmp
21.0194830247,Male,1,img_3001.bmp
33.2963867188,Female,1,img_3002.bmp
22.4836425781,Female,1,img_3003.bmp
40.1644736842,Female,1,img_3004.bmp
29.9407894737,Female,1,img_3005.bmp
29.2105263158,Male,1,img_3006.bmp
27.3848684211,Male,1,img_3007.bmp
49.7687114198,Male,1,img_3008.bmp
31.4614197531,Male,1,img_3009.bmp
46.8021120294,Female,1,img_3010.bmp
30.6634527089,Female,1,img_3011.bmp
46.3179522498,Male,1,img_3012.bmp
30.0179063361,Male,1,img_3013.bmp
37.3581081081,Male,1,img_3014.bmp
27.472972973,Male,1,img_3015.bmp
28.7125390219,Female,1,img_3016.bmp
24.5062434964,Female,1,img_3017.bmp
48.005787037,Male,1,img_3018.bmp
32.6819058642,Male,1,img_3019.bmp
28.3627322199,Male,1,img_3020.bmp
25.7243385251,Male,1,img_3021.bmp
42.0825456837,Male,1,img_3022.bmp
25.8401596303,Male,1,img_3023.bmp
45.4797959184,Female,1,img_3024.bmp
28.9808163265,Female,1,img_3025.bmp
49.5611342352,Female,1,img_3026.bmp
43.8917793965,Female,1,img_3027.bmp
30.3813766986,Female,1,img_3028.bmp
22.3945199376,Female,1,img_3029.bmp
47.1301903114,Male,1,img_3032.bmp
31.0147058824,Male,1,img_3033.bmp
32.5462962963,Female,1,img_3034.bmp
24.4097222222,Female,1,img_3035.bmp
39.6056338028,Male,1,img_3036.bmp
31.2382463797,Male,1,img_3037.bmp
36.1762234825,Male,1,img_3038.bmp
58.3544921875,Female,1,img_3040.bmp
47.8850097656,Female,1,img_3041.bmp
42.6865709247,Female,1,img_3042.bmp
34.8931720836,Female,1,img_3043.bmp
36.9587881488,Female,1,img_3044.bmp
35.7059478726,Female,1,img_3045.bmp
45.1928571429,Male,1,img_3046.bmp
35.15,Male,1,img_3047.bmp
35.4245401864,Female,1,img_3048.bmp
26.3912824389,Female,1,img_3049.bmp
32.4847721067,Male,1,img_3050.bmp
26.4307918505,Male,1,img_3051.bmp
40.4328994083,Female,1,img_3052.bmp
31.6142011834,Female,1,img_3053.bmp
41.3191836735,Female,1,img_3054.bmp
33.2848979592,Female,1,img_3055.bmp
33.6700824237,Male,1,img_3056.bmp
27.4058810425,Male,1,img_3057.bmp
39.8624885216,Female,1,img_3058.bmp
31.1476124885,Female,1,img_3059.bmp
45.2588549788,Female,1,img_3060.bmp
31.0077968367,Female,1,img_3061.bmp
38.2698224852,Female,1,img_3062.bmp
30.6158579882,Female,1,img_3063.bmp
25.6756756757,Male,1,img_3064.bmp
22.4662162162,Male,1,img_3065.bmp
45.6442109214,Male,1,img_3066.bmp
36.9375117283,Male,1,img_3067.bmp
46.8249053241,Female,1,img_3068.bmp
34.1398975273,Female,1,img_3069.bmp
49.2229109275,Male,1,img_3072.bmp
27.4357208448,Male,1,img_3073.bmp
43.9016326531,Female,1,img_3074.bmp
30.8459183673,Female,1,img_3075.bmp
28.8674866098,Female,1,img_3076.bmp
27.8912914104,Female,1,img_3077.bmp
27.597107438,Male,1,img_3078.bmp
24.5307621671,Male,1,img_3079.bmp
25.0568055246,Male,1,img_3080.bmp
23.0209400757,Male,1,img_3081.bmp
38.7327823691,Male,1,img_3082.bmp
33.084251607,Male,1,img_3083.bmp
38.6294386035,Male,1,img_3086.bmp
24.6837928982,Male,1,img_3087.bmp
45.3310228943,Female,1,img_3088.bmp
39.1293845831,Female,1,img_3089.bmp
31.7517089844,Female,1,img_3090.bmp
24.71484375,Female,1,img_3091.bmp
43.2615384615,Male,1,img_3092.bmp
28.4527810651,Male,1,img_3093.bmp
42.0825456837,Male,1,img_3094.bmp
31.0081915564,Male,1,img_3095.bmp
27.1940091252,Male,1,img_3096.bmp
25.1021622694,Male,1,img_3097.bmp
32.7722674073,Male,1,img_3098.bmp
27.1940091252,Male,1,img_3099.bmp
36.6347566575,Female,1,img_3100.bmp
21.7871900826,Female,1,img_3101.bmp
39.5397153352,Female,1,img_3102.bmp
40.3466483012,Female,1,img_3104.bmp
34.698117539,Female,1,img_3105.bmp
42.6100581723,Male,1,img_3106.bmp
29.4180896979,Male,1,img_3107.bmp
31.9269031142,Male,1,img_3108.bmp
29.6464100346,Male,1,img_3109.bmp
29.98734375,Male,1,img_3110.bmp
26.69203125,Male,1,img_3111.bmp
47.2505776097,Male,1,img_3112.bmp
40.6059651334,Male,1,img_3113.bmp
32.0044224766,Female,1,img_3114.bmp
23.7747138398,Female,1,img_3115.bmp
41.7062988281,Female,1,img_3116.bmp
37.072265625,Female,1,img_3117.bmp
40.4993432164,Male,1,img_3118.bmp
37.4651904673,Male,1,img_3119.bmp
30.2247716641,Female,1,img_3120.bmp
23.6473602139,Female,1,img_3121.bmp
42.5255198488,Female,1,img_3122.bmp
33.3707204369,Female,1,img_3123.bmp
46.8249053241,Female,1,img_3124.bmp
33.2002673201,Female,1,img_3125.bmp
40.8308080808,Female,1,img_3126.bmp
33.891184573,Female,1,img_3127.bmp
43.8494096681,Female,1,img_3128.bmp
30.5379817331,Female,1,img_3129.bmp
32.7160818165,Male,1,img_3130.bmp
25.7243385251,Male,1,img_3131.bmp
36.7281632653,Male,1,img_3132.bmp
25.1071428571,Male,1,img_3133.bmp
44.3671111111,Male,1,img_3134.bmp
29.8696888889,Male,1,img_3135.bmp
30.1285714286,Male,1,img_3136.bmp
25.5375510204,Male,1,img_3137.bmp
37.8759183673,Male,1,img_3138.bmp
23.2420408163,Male,1,img_3139.bmp
48.4159779614,Female,1,img_3142.bmp
22.5941230487,Female,1,img_3143.bmp
36.6059171598,Female,1,img_3144.bmp
26.6224852071,Female,1,img_3145.bmp
29.0223306436,Male,1,img_3147.bmp
37.3494687131,Male,1,img_3148.bmp
27.2710406477,Male,1,img_3149.bmp
49.4052777778,Female,1,img_3150.bmp
45.3044444444,Female,1,img_3151.bmp
28.3190917969,Female,1,img_3154.bmp
22.6552734375,Female,1,img_3155.bmp
28.884837963,Female,1,img_3156.bmp
21.8331404321,Female,1,img_3157.bmp
28.5654269972,Female,1,img_3158.bmp
26.4674012856,Female,1,img_3159.bmp
30.7822485207,Female,1,img_3160.bmp
22.4627218935,Female,1,img_3161.bmp
36.8021831143,Male,1,img_3162.bmp
30.5379817331,Male,1,img_3163.bmp
43.0663844954,Female,1,img_3164.bmp
35.549342838,Female,1,img_3165.bmp
53.5155709343,Female,1,img_3166.bmp
28.4301470588,Female,1,img_3167.bmp
32.6125443787,Male,1,img_3168.bmp
29.950295858,Male,1,img_3169.bmp
29.4943771626,Male,1,img_3170.bmp
24.9333910035,Male,1,img_3171.bmp
28.693877551,Female,1,img_3172.bmp
24.3897959184,Female,1,img_3173.bmp
51.9952422145,Male,1,img_3174.bmp
32.991133218,Male,1,img_3175.bmp
38.2486225895,Male,1,img_3176.bmp
31.4703856749,Male,1,img_3177.bmp
31.7464818315,Male,1,img_3178.bmp
24.8065532451,Male,1,img_3179.bmp
28.0550304558,Female,1,img_3180.bmp
22.1487082546,Female,1,img_3181.bmp
33.4695496925,Male,1,img_3182.bmp
26.4967268399,Male,1,img_3183.bmp
27.8912914104,Male,1,img_3184.bmp
21.6157508431,Male,1,img_3185.bmp
25.6827916352,Female,1,img_3186.bmp
22.8488284203,Female,1,img_3187.bmp
35.2716262976,Male,1,img_3190.bmp
30.1025086505,Male,1,img_3191.bmp
25.6756756757,Male,1,img_3192.bmp
22.2094594595,Male,1,img_3193.bmp
45.4154600134,Female,1,img_3194.bmp
32.8870572511,Female,1,img_3195.bmp
24.3252595156,Male,1,img_3196.bmp
22.8049307958,Male,1,img_3197.bmp
32.1177102929,Female,1,img_3198.bmp
21.537758667,Female,1,img_3199.bmp
43.1773356401,Male,1,img_3200.bmp
31.3187716263,Male,1,img_3201.bmp
29.8341049383,Male,1,img_3202.bmp
24.4097222222,Male,1,img_3203.bmp
36.6059171598,Female,1,img_3204.bmp
31.6142011834,Female,1,img_3205.bmp
43.7607100592,Female,1,img_3206.bmp
37.9370414201,Female,1,img_3207.bmp
23.7729468599,Female,1,img_3208.bmp
20.9674438143,Female,1,img_3209.bmp
39.4247006931,Female,1,img_3210.bmp
32.7800882168,Female,1,img_3211.bmp
35.8175675676,Male,1,img_3212.bmp
26.7027027027,Male,1,img_3213.bmp
40.8308080808,Male,1,img_3214.bmp
31.4703856749,Male,1,img_3215.bmp
51.1184210526,Male,1,img_3216.bmp
35.2960526316,Male,1,img_3217.bmp
30.5379817331,Male,1,img_3218.bmp
22.7077300067,Male,1,img_3219.bmp
28.3152777778,Female,1,img_3220.bmp
24.4097222222,Female,1,img_3221.bmp
31.0361842105,Male,1,img_3222.bmp
26.1677631579,Male,1,img_3223.bmp
46.0693131695,Male,1,img_3224.bmp
28.3503465658,Male,1,img_3225.bmp
30.0354003906,Female,1,img_3226.bmp
27.1176757812,Female,1,img_3227.bmp
23.0103154136,Male,1,img_3228.bmp
20.6395556437,Male,1,img_3229.bmp
49.9171597633,Female,1,img_3230.bmp
35.2747928994,Female,1,img_3231.bmp
32.6184210526,Male,1,img_3232.bmp
24.0986842105,Male,1,img_3233.bmp
38.464316609,Female,1,img_3234.bmp
30.1025086505,Female,1,img_3235.bmp
22.4945369407,Female,1,img_3236.bmp
21.5801248699,Female,1,img_3237.bmp
28.3627322199,Male,1,img_3238.bmp
25.0647401013,Male,1,img_3239.bmp
30.0681666295,Female,1,img_3240.bmp
25.3700155937,Female,1,img_3241.bmp
50.0298438935,Female,1,img_3242.bmp
36.3119834711,Female,1,img_3243.bmp
39.3106122449,Male,1,img_3244.bmp
22.8116326531,Male,1,img_3245.bmp
39.9342838049,Male,1,img_3246.bmp
30.5379817331,Male,1,img_3247.bmp
35.4245401864,Female,1,img_3248.bmp
19.4834971025,Female,1,img_3249.bmp
41.0896990741,Male,1,img_3250.bmp
30.5121527778,Male,1,img_3251.bmp
45.6098615917,Male,1,img_3252.bmp
30.4065743945,Male,1,img_3253.bmp
35.2584876543,Male,1,img_3254.bmp
30.5121527778,Male,1,img_3255.bmp
46.6407254362,Male,1,img_3256.bmp
24.3693755739,Male,1,img_3257.bmp
49.9171597633,Female,1,img_3258.bmp
39.1017751479,Female,1,img_3259.bmp
31.8682484568,Male,1,img_3260.bmp
26.4438657407,Male,1,img_3261.bmp
58.5717119619,Male,1,img_3262.bmp
36.2586788336,Male,1,img_3263.bmp
24.3918918919,Female,1,img_3264.bmp
21.8243243243,Female,1,img_3265.bmp
24.6891259105,Female,1,img_3266.bmp
21.9458896982,Female,1,img_3267.bmp
57.9438627757,Female,1,img_3270.bmp
46.8249053241,Female,1,img_3271.bmp
27.4058810425,Female,1,img_3272.bmp
19.5756293161,Female,1,img_3273.bmp
39.7450902599,Male,1,img_3274.bmp
29.9831382662,Male,1,img_3275.bmp
25.9679591837,Male,1,img_3276.bmp
21.3769387755,Male,1,img_3277.bmp
30.6804205515,Male,1,img_3278.bmp
23.2892283277,Male,1,img_3279.bmp
51.3664513255,Male,1,img_3280.bmp
43.536199599,Male,1,img_3281.bmp
46.8249053241,Female,1,img_3282.bmp
32.7304522165,Female,1,img_3283.bmp
40.6059651334,Male,1,img_3286.bmp
25.1018693552,Male,1,img_3287.bmp
44.2199265381,Female,1,img_3288.bmp
37.1189164371,Female,1,img_3289.bmp
43.9375,Female,1,img_3290.bmp
31.3187716263,Female,1,img_3291.bmp
31.7931588613,Male,1,img_3292.bmp
23.4010560147,Male,1,img_3293.bmp
48.7837837838,Male,1,img_3294.bmp
37.2297297297,Male,1,img_3295.bmp
29.0495867769,Male,1,img_3296.bmp
23.2396694215,Male,1,img_3297.bmp
49.9911111111,Male,1,img_3300.bmp
28.4949333333,Male,1,img_3301.bmp
37.1189164371,Female,1,img_3302.bmp
28.2426538108,Female,1,img_3303.bmp
29.2851414569,Female,1,img_3304.bmp
21.924704834,Female,1,img_3305.bmp
39.4540816327,Female,1,img_3306.bmp
33.7153061224,Female,1,img_3307.bmp
27.9853867473,Female,1,img_3308.bmp
21.0776014109,Female,1,img_3309.bmp
34.698117539,Female,1,img_3310.bmp
25.0149219467,Female,1,img_3311.bmp
33.2243441358,Male,1,img_3312.bmp
25.4945987654,Male,1,img_3313.bmp
35.6620707596,Female,1,img_3314.bmp
21.0314776275,Female,1,img_3315.bmp
29.425312438,Male,1,img_3316.bmp
26.3572703829,Male,1,img_3317.bmp
38.7702702703,Male,1,img_3318.bmp
32.7364864865,Male,1,img_3319.bmp
42.0825456837,Male,1,img_3322.bmp
32.7800882168,Male,1,img_3323.bmp
42.6100581723,Male,1,img_3324.bmp
27.7031337962,Male,1,img_3325.bmp
38.3505256893,Male,1,img_3326.bmp
27.1940091252,Male,1,img_3327.bmp
34.3848427842,Female,1,img_3328.bmp
28.717011556,Female,1,img_3329.bmp
32.3537146614,Male,1,img_3330.bmp
28.3095003287,Male,1,img_3331.bmp
29.5316110061,Female,1,img_3332.bmp
23.1823146398,Female,1,img_3333.bmp
31.8502040816,Male,1,img_3334.bmp
26.5418367347,Male,1,img_3335.bmp
29.2252456538,Female,1,img_3338.bmp
24.7971781305,Female,1,img_3339.bmp
39.4540816327,Male,1,img_3342.bmp
32.9979591837,Male,1,img_3343.bmp
36.0424804688,Female,1,img_3344.bmp
24.0283203125,Female,1,img_3345.bmp
33.4472318339,Female,1,img_3346.bmp
22.6528979239,Female,1,img_3347.bmp
30.5121527778,Male,1,img_3348.bmp
26.4438657407,Male,1,img_3349.bmp
41.186240258,Female,1,img_3350.bmp
31.7398548777,Female,1,img_3351.bmp
33.610887574,Female,1,img_3352.bmp
23.9602366864,Female,1,img_3353.bmp
30.5502929688,Male,1,img_3354.bmp
25.7446289062,Male,1,img_3355.bmp
31.0081915564,Male,1,img_3356.bmp
27.1690821256,Male,1,img_3357.bmp
28.3455112497,Female,1,img_3358.bmp
21.7680997995,Female,1,img_3359.bmp
37.9706790123,Male,1,img_3360.bmp
27.7999614198,Male,1,img_3361.bmp
29.4440686785,Female,1,img_3362.bmp
22.1287721124,Female,1,img_3363.bmp
38.7702702703,Male,1,img_3364.bmp
31.5810810811,Male,1,img_3365.bmp
29.6984953704,Male,0,img_3369.bmp
30.8459183673,Female,0,img_3370.bmp
24.3897959184,Female,0,img_3371.bmp
36.2586788336,Male,0,img_3372.bmp
27.8912914104,Male,0,img_3373.bmp
36.7434666667,Male,0,img_3374.bmp
23.3708444444,Male,0,img_3375.bmp
60.0968283974,Male,0,img_3378.bmp
34.2566687671,Male,0,img_3379.bmp
28.884837963,Male,0,img_3380.bmp
23.4604552469,Male,0,img_3381.bmp
31.6317722681,Male,0,img_3382.bmp
26.1446280992,Male,0,img_3383.bmp
29.7984429066,Male,0,img_3384.bmp
24.0211937716,Male,0,img_3385.bmp
41.19140625,Female,0,img_3386.bmp
38.3388157895,Male,0,img_3388.bmp
33.4703947368,Male,0,img_3389.bmp
41.19140625,Female,0,img_3390.bmp
29.1772460938,Female,0,img_3391.bmp
40.1644736842,Male,0,img_3392.bmp
30.4276315789,Male,0,img_3393.bmp
33.4695496925,Male,0,img_3395.bmp
35.2584876543,Male,0,img_3396.bmp
29.1560570988,Male,0,img_3397.bmp
30.4065743945,Female,0,img_3398.bmp
26.3016868512,Female,0,img_3399.bmp
30.0681666295,Female,0,img_3400.bmp
25.8398306973,Female,0,img_3401.bmp
44.7511574074,Male,0,img_3402.bmp
26.4438657407,Male,0,img_3403.bmp
45.4578287197,Male,0,img_3406.bmp
27.669982699,Male,0,img_3407.bmp
28.8373469388,Male,0,img_3410.bmp
25.6810204082,Male,0,img_3411.bmp
33.2243441358,Male,0,img_3412.bmp
25.0877700617,Male,0,img_3413.bmp
59.1824324324,Male,0,img_3414.bmp
30.9391891892,Male,0,img_3415.bmp
27.4540186445,Female,0,img_3416.bmp
22.4945830184,Female,0,img_3417.bmp
48.5475607039,Male,0,img_3418.bmp
27.8756961461,Male,0,img_3419.bmp
41.0083333333,Male,0,img_3420.bmp
27.7294444444,Male,0,img_3421.bmp
33.6700824237,Male,0,img_3422.bmp
25.8398306973,Male,0,img_3423.bmp
30.4651045603,Female,0,img_3426.bmp
25.3285462333,Female,0,img_3427.bmp
45.3669333333,Male,0,img_3428.bmp
29.8696888889,Male,0,img_3429.bmp
34.9420118343,Female,0,img_3432.bmp
19.9668639053,Female,0,img_3433.bmp
31.2368164062,Female,0,img_3434.bmp
22.6552734375,Female,0,img_3435.bmp
39.9928888889,Male,0,img_3436.bmp
31.2444444444,Male,0,img_3437.bmp
29.6819290674,Male,0,img_3438.bmp
24.4051416776,Male,0,img_3439.bmp
41.9605142332,Female,0,img_3440.bmp
29.8565197429,Female,0,img_3441.bmp
41.606122449,Male,0,img_3442.bmp
27.2591836735,Male,0,img_3443.bmp
28.693877551,Female,0,img_3444.bmp
22.9551020408,Female,0,img_3445.bmp
26.3096458008,Female,0,img_3446.bmp
20.6718645578,Female,0,img_3447.bmp
45.6098615917,Female,0,img_3448.bmp
25.0854238754,Female,0,img_3449.bmp
32.2750771605,Male,0,img_3450.bmp
28.4780092593,Male,0,img_3451.bmp
28.1010288413,Male,0,img_3452.bmp
23.1210996795,Male,0,img_3453.bmp
25.5924188403,Male,0,img_3454.bmp
24.2732219929,Male,0,img_3455.bmp
44.1930943892,Male,0,img_3456.bmp
35.6183148808,Male,0,img_3457.bmp
28.693877551,Female,0,img_3458.bmp
22.9551020408,Female,0,img_3459.bmp
30.0354003906,Female,0,img_3460.bmp
20.595703125,Female,0,img_3461.bmp
32.4847721067,Male,0,img_3462.bmp
23.6252888049,Male,0,img_3463.bmp
42.6100581723,Male,0,img_3464.bmp
29.4180896979,Male,0,img_3465.bmp
25.8218549128,Female,0,img_3466.bmp
22.5941230487,Female,0,img_3467.bmp
28.3396321492,Female,0,img_3468.bmp
20.3691106072,Female,0,img_3469.bmp
36.3119834711,Female,0,img_3470.bmp
24.6921487603,Female,0,img_3471.bmp
43.9304598622,Male,0,img_3472.bmp
24.2180740266,Male,0,img_3473.bmp
42.9923555556,Male,0,img_3474.bmp
36.4935111111,Male,0,img_3475.bmp
64.8923076923,Female,0,img_3476.bmp
44.0934911243,Female,0,img_3477.bmp
38.9669942051,Female,0,img_3478.bmp
29.9337364575,Female,0,img_3479.bmp
27.3848684211,Male,0,img_3480.bmp
22.2730263158,Male,0,img_3481.bmp
41.2426666667,Male,0,img_3482.bmp
28.7448888889,Male,0,img_3483.bmp
48.7795918367,Male,0,img_3484.bmp
41.606122449,Male,0,img_3485.bmp
41.3149678604,Female,0,img_3486.bmp
35.5050505051,Female,0,img_3487.bmp
37.4908949011,Female,0,img_3488.bmp
33.4674817898,Female,0,img_3489.bmp
50.5012244898,Male,0,img_3490.bmp
38.7367346939,Male,0,img_3491.bmp
53.0339355469,Female,0,img_3492.bmp
35.8708496094,Female,0,img_3493.bmp
38.686410418,Female,0,img_3494.bmp
23.0346565848,Female,0,img_3495.bmp
37.1189164371,Female,0,img_3496.bmp
29.0495867769,Female,0,img_3497.bmp
54.2438271605,Male,0,img_3500.bmp
40.6828703704,Male,0,img_3501.bmp
41.3149678604,Female,0,img_3502.bmp
44.6260662567,Male,0,img_3506.bmp
32.074985122,Male,0,img_3507.bmp
32.1177102929,Female,0,img_3508.bmp
20.593120129,Female,0,img_3509.bmp
38.0872359963,Female,0,img_3510.bmp
32.277318641,Female,0,img_3511.bmp
29.2851414569,Female,0,img_3512.bmp
21.924704834,Female,0,img_3513.bmp
43.6486486486,Male,0,img_3514.bmp
25.6756756757,Male,0,img_3515.bmp
38.3682334596,Female,0,img_3516.bmp
26.6228558699,Female,0,img_3517.bmp
27.9765306122,Male,0,img_3518.bmp
24.3897959184,Male,0,img_3519.bmp
27.4609375,Female,0,img_3520.bmp
20.9389648438,Female,0,img_3521.bmp
36.9587881488,Female,0,img_3522.bmp
26.1530407663,Female,0,img_3523.bmp
37.4933333333,Male,0,img_3524.bmp
29.9946666667,Male,0,img_3525.bmp
38.7327823691,Female,0,img_3526.bmp
30.6634527089,Female,0,img_3527.bmp
53.2055664062,Female,0,img_3528.bmp
29.1772460938,Female,0,img_3529.bmp
25.5052405267,Female,0,img_3532.bmp
21.1599032518,Female,0,img_3533.bmp
33.8304358781,Female,0,img_3534.bmp
26.7455278408,Female,0,img_3535.bmp
34.9420118343,Female,0,img_3536.bmp
29.7839053254,Female,0,img_3537.bmp
40.6059651334,Male,0,img_3538.bmp
25.8401596303,Male,0,img_3539.bmp
29.4440686785,Female,0,img_3540.bmp
21.7630072841,Female,0,img_3541.bmp
38.6814435286,Female,0,img_3542.bmp
29.4417464914,Female,0,img_3543.bmp
45.4292052469,Male,0,img_3544.bmp
32.8175154321,Male,0,img_3545.bmp
49.9911111111,Male,0,img_3546.bmp
26.8702222222,Male,0,img_3547.bmp
36.045505528,Male,0,img_3548.bmp
29.8501842653,Male,0,img_3549.bmp
57.4897777778,Male,0,img_3550.bmp
51.8657777778,Male,0,img_3551.bmp
30.4651045603,Female,0,img_3552.bmp
24.7971781305,Female,0,img_3553.bmp
39.7450902599,Male,0,img_3554.bmp
33.3300932355,Male,0,img_3555.bmp
33.084251607,Female,0,img_3556.bmp
27.1129476584,Female,0,img_3557.bmp
45.4154600134,Male,0,img_3558.bmp
38.3682334596,Male,0,img_3559.bmp
34.6996429322,Male,0,img_3560.bmp
32.4847721067,Male,0,img_3561.bmp
34.0202702703,Male,0,img_3562.bmp
24.3918918919,Male,0,img_3563.bmp
29.2611862643,Female,0,img_3564.bmp
23.7747138398,Female,0,img_3565.bmp
40.3466483012,Male,0,img_3566.bmp
30.6634527089,Male,0,img_3567.bmp
38.3910943079,Male,0,img_3568.bmp
28.0550304558,Male,0,img_3569.bmp
33.5075999249,Male,0,img_3572.bmp
28.0988928504,Male,0,img_3573.bmp
31.6607243385,Male,0,img_3574.bmp
25.0647401013,Male,0,img_3575.bmp
32.2208333333,Female,0,img_3576.bmp
24.9955555556,Female,0,img_3577.bmp
37.9258494031,Male,0,img_3578.bmp
33.084251607,Male,0,img_3579.bmp
45.4797959184,Female,0,img_3580.bmp
28.5504081633,Female,0,img_3581.bmp
27.1157142857,Male,0,img_3582.bmp
24.2463265306,Male,0,img_3583.bmp
29.8138487521,Male,0,img_3584.bmp
25.0647401013,Male,0,img_3585.bmp
38.7431111111,Male,0,img_3586.bmp
27.4951111111,Male,0,img_3587.bmp
48.005787037,Male,0,img_3588.bmp
43.9375,Male,0,img_3589.bmp
37.9258494031,Female,0,img_3592.bmp
27.4357208448,Female,0,img_3593.bmp
32.4847721067,Female,0,img_3594.bmp
23.6252888049,Female,0,img_3595.bmp
31.0361842105,Male,0,img_3596.bmp
22.5164473684,Male,0,img_3597.bmp
44.0060147026,Female,0,img_3598.bmp
30.5379817331,Female,0,img_3599.bmp
45.2588549788,Male,0,img_3600.bmp
38.211628425,Male,0,img_3601.bmp
43.0663844954,Female,0,img_3602.bmp
38.3682334596,Female,0,img_3603.bmp
37.7587890625,Female,0,img_3604.bmp
27.4609375,Female,0,img_3605.bmp
40.2341311134,Female,0,img_3606.bmp
27.4323621228,Female,0,img_3607.bmp
32.074985122,Male,0,img_3608.bmp
19.5239039873,Male,0,img_3609.bmp
37.4378698225,Female,0,img_3610.bmp
28.2863905325,Female,0,img_3611.bmp
43.2315016862,Male,0,img_3612.bmp
34.1668319778,Male,0,img_3613.bmp
37.0621718126,Female,0,img_3614.bmp
33.961352657,Female,0,img_3615.bmp
40.4391891892,Male,0,img_3616.bmp
30.8108108108,Male,0,img_3617.bmp
31.5632653061,Male,0,img_3618.bmp
27.9765306122,Male,0,img_3619.bmp
34.9379488653,Female,0,img_3620.bmp
29.0812984774,Female,0,img_3621.bmp
63.0936418685,Female,0,img_3622.bmp
34.9675605536,Female,0,img_3623.bmp
46.2162162162,Male,0,img_3624.bmp
33.3783783784,Male,0,img_3625.bmp
27.7872189349,Female,0,img_3626.bmp
23.6274556213,Female,0,img_3627.bmp
46.1718896603,Male,0,img_3628.bmp
31.1330455995,Male,0,img_3629.bmp
36.9375117283,Male,0,img_3632.bmp
25.0647401013,Male,0,img_3633.bmp
38.3505256893,Male,0,img_3634.bmp
30.2620511803,Male,0,img_3635.bmp
26.4438657407,Male,0,img_3636.bmp
23.7316743827,Male,0,img_3637.bmp
56.6305555556,Male,0,img_3638.bmp
43.9375,Male,0,img_3639.bmp
46.0659602076,Female,0,img_3640.bmp
30.7106401384,Female,0,img_3641.bmp
25.8398306973,Female,0,img_3642.bmp
21.924704834,Female,0,img_3643.bmp
42.9525887721,Male,0,img_3644.bmp
23.4286847848,Male,0,img_3645.bmp
36.0191579416,Male,0,img_3646.bmp
26.1530407663,Male,0,img_3647.bmp
68.618441358,Male,0,img_3648.bmp
29.2916666667,Male,0,img_3649.bmp
35.3544755114,Male,0,img_3650.bmp
27.1754550572,Male,0,img_3651.bmp
36.1757629762,Female,0,img_3652.bmp
28.9719313878,Female,0,img_3653.bmp
29.0223306436,Male,0,img_3654.bmp
23.7455432539,Male,0,img_3655.bmp
46.6407254362,Male,0,img_3658.bmp
25.8218549128,Male,0,img_3659.bmp
29.9831382662,Male,0,img_3661.bmp
33.1219450743,Female,0,img_3662.bmp
23.3801965231,Female,0,img_3663.bmp
45.7286700824,Male,0,img_3664.bmp
31.1644018712,Male,0,img_3665.bmp
49.7729492188,Female,0,img_3666.bmp
40.6765136719,Female,0,img_3667.bmp
41.9605142332,Female,0,img_3668.bmp
37.1189164371,Female,0,img_3669.bmp
37.1027777778,Female,0,img_3670.bmp
26.3625,Female,0,img_3671.bmp
41.3149678604,Male,0,img_3672.bmp
24.2079889807,Male,0,img_3673.bmp
34.4326530612,Male,0,img_3674.bmp
28.693877551,Male,0,img_3675.bmp
31.0011259148,Male,0,img_3676.bmp
26.3839369488,Male,0,img_3677.bmp
52.7678738975,Male,0,img_3678.bmp
44.7207731282,Male,0,img_3679.bmp
37.6532434041,Male,0,img_3682.bmp
28.8674866098,Male,0,img_3683.bmp
27.365916955,Male,0,img_3684.bmp
23.5650951557,Male,0,img_3685.bmp
50.853587963,Male,0,img_3686.bmp
38.6487268519,Male,0,img_3687.bmp
27.4540186445,Female,0,img_3688.bmp
23.9115646259,Female,0,img_3689.bmp
36.1459936198,Male,0,img_3690.bmp
19.7879527116,Male,0,img_3691.bmp
45.4578287197,Male,0,img_3692.bmp
25.9976211073,Male,0,img_3693.bmp
46.5119628906,Female,0,img_3696.bmp
27.2893066406,Female,0,img_3697.bmp
39.9928888889,Male,0,img_3698.bmp
31.2444444444,Male,0,img_3699.bmp
48.2770061728,Male,0,img_3700.bmp
29.8341049383,Male,0,img_3701.bmp
36.0191579416,Female,0,img_3702.bmp
28.0323011807,Female,0,img_3703.bmp
48.7795918367,Male,0,img_3704.bmp
32.9979591837,Male,0,img_3705.bmp
37.7302631579,Male,0,img_3706.bmp
23.7335526316,Male,0,img_3707.bmp
34.7663176654,Female,0,img_3708.bmp
23.4907551793,Female,0,img_3709.bmp
41.5547006943,Male,0,img_3710.bmp
36.9375117283,Male,0,img_3711.bmp
40.4328994083,Female,0,img_3712.bmp
35.441183432,Female,0,img_3713.bmp
28.4069387755,Male,0,img_3714.bmp
23.5289795918,Male,0,img_3715.bmp
31.3210069058,Male,0,img_3716.bmp
21.2982846959,Male,0,img_3717.bmp
43.9287839714,Male,0,img_3718.bmp
25.1021622694,Male,0,img_3719.bmp
31.8682484568,Male,0,img_3720.bmp
23.8672839506,Male,0,img_3721.bmp
39.4540816327,Male,0,img_3722.bmp
35.0065306122,Male,0,img_3723.bmp
40.3466483012,Male,0,img_3724.bmp
28.7268135904,Male,0,img_3725.bmp
31.3187716263,Female,0,img_3728.bmp
23.7171280277,Female,0,img_3729.bmp
34.5389266818,Female,0,img_3730.bmp
35.4379332073,Male,0,img_3732.bmp
23.6252888049,Male,0,img_3733.bmp
45.9970703125,Male,0,img_3734.bmp
44.2807617188,Male,0,img_3735.bmp
43.0408163265,Male,0,img_3736.bmp
30.1285714286,Male,0,img_3737.bmp
44.7655227137,Male,0,img_3738.bmp
33.6090061496,Male,0,img_3739.bmp
25.7658179012,Male,0,img_3740.bmp
21.5619212963,Male,0,img_3741.bmp
28.4780092593,Male,0,img_3742.bmp
26.5794753086,Male,0,img_3743.bmp
50.9743652344,Female,0,img_3744.bmp
28.1474609375,Female,0,img_3745.bmp
36.1542857143,Male,0,img_3746.bmp
31.4197959184,Male,0,img_3747.bmp
32.2806122449,Male,0,img_3748.bmp
27.2591836735,Male,0,img_3749.bmp
35.1822773186,Female,0,img_3750.bmp
29.8565197429,Female,0,img_3751.bmp
32.2806122449,Male,0,img_3752.bmp
26.3983673469,Male,0,img_3753.bmp
33.6351351351,Male,0,img_3754.bmp
22.2094594595,Male,0,img_3755.bmp
29.7042253521,Male,0,img_3756.bmp
26.9150962111,Male,0,img_3757.bmp
35.5890861275,Male,0,img_3758.bmp
30.0427350427,Male,0,img_3759.bmp
46.5122873346,Female,0,img_3760.bmp
40.6059651334,Female,0,img_3761.bmp
34.006987369,Female,0,img_3762.bmp
28.1502284332,Female,0,img_3763.bmp
53.0836734694,Male,0,img_3766.bmp
38.7367346939,Male,0,img_3767.bmp
53.0836734694,Male,0,img_3768.bmp
43.0408163265,Male,0,img_3769.bmp
38.7689940828,Female,0,img_3770.bmp
28.7855621302,Female,0,img_3771.bmp
34.4531075963,Male,0,img_3772.bmp
26.6228558699,Male,0,img_3773.bmp
35.5613965483,Male,0,img_3774.bmp
32.074985122,Male,0,img_3775.bmp
28.2426538108,Female,0,img_3776.bmp
21.7871900826,Female,0,img_3777.bmp
37.021412037,Male,0,img_3778.bmp
23.0536265432,Male,0,img_3779.bmp
31.1902006173,Male,0,img_3780.bmp
28.4780092593,Male,0,img_3781.bmp
45.6098615917,Male,0,img_3782.bmp
39.5285467128,Male,0,img_3783.bmp
34.951625907,Female,0,img_3784.bmp
31.7398548777,Female,0,img_3785.bmp
35.5613965483,Male,0,img_3786.bmp
25.7994445547,Male,0,img_3787.bmp
33.891184573,Male,0,img_3788.bmp
29.0495867769,Male,0,img_3789.bmp
20.9709755442,Female,0,img_3791.bmp
30.6634527089,Female,0,img_3796.bmp
23.4010560147,Female,0,img_3797.bmp
39.4540816327,Female,0,img_3798.bmp
24.6767346939,Female,0,img_3799.bmp
42.8783783784,Male,0,img_3800.bmp
36.972972973,Male,0,img_3801.bmp
42.8208359588,Female,0,img_3804.bmp
25.9878176854,Female,0,img_3805.bmp
40.3466483012,Male,0,img_3806.bmp
27.7584940312,Male,0,img_3807.bmp
30.3415274911,Male,0,img_3808.bmp
22.5582660912,Male,0,img_3809.bmp
41.1535812672,Female,0,img_3810.bmp
23.0782828283,Female,0,img_3811.bmp
40.8308080808,Female,0,img_3814.bmp
26.6287878788,Female,0,img_3815.bmp
23.7075976989,Male,0,img_3817.bmp
45.4578287197,Female,0,img_3818.bmp
37.7041522491,Female,0,img_3819.bmp
35.8673469388,Male,0,img_3820.bmp
21.5204081633,Male,0,img_3821.bmp
40.4423725451,Male,0,img_3822.bmp
29.9831382662,Male,0,img_3823.bmp
52.3663265306,Male,0,img_3824.bmp
35.5804081633,Male,0,img_3825.bmp
32.4134542706,Female,0,img_3827.bmp
28.5021162843,Female,0,img_3828.bmp
26.3096458008,Female,0,img_3829.bmp
27.7294444444,Female,0,img_3830.bmp
21.6758333333,Female,0,img_3831.bmp
28.4069387755,Female,0,img_3832.bmp
21.5204081633,Female,0,img_3833.bmp
32.1394675926,Female,0,img_3834.bmp
27.1219135802,Female,0,img_3835.bmp
50.2142857143,Male,0,img_3836.bmp
25.8244897959,Male,0,img_3837.bmp
34.9675605536,Female,0,img_3838.bmp
23.5650951557,Female,0,img_3839.bmp
46.0693131695,Male,0,img_3842.bmp
26.5784499055,Male,0,img_3843.bmp
51.6796613945,Female,0,img_3844.bmp
31.3210069058,Female,0,img_3845.bmp
38.0082179931,Male,0,img_3846.bmp
31.0147058824,Male,0,img_3847.bmp
37.7432888889,Male,0,img_3848.bmp
27.4951111111,Male,0,img_3849.bmp
34.864114263,Male,0,img_3850.bmp
39.1512586322,Female,0,img_3852.bmp
33.6700824237,Female,0,img_3853.bmp
36.5764828304,Female,0,img_3856.bmp
21.9458896982,Female,0,img_3857.bmp
72.6043184183,Female,0,img_3858.bmp
47.000780437,Female,0,img_3859.bmp
49.3379620942,Male,0,img_3860.bmp
32.452242447,Male,0,img_3861.bmp
42.7623668639,Female,0,img_3862.bmp
33.2781065089,Female,0,img_3863.bmp
41.6238347191,Female,0,img_3864.bmp
29.5794910557,Female,0,img_3865.bmp
44.2974165091,Female,0,img_3866.bmp
30.1222432262,Female,0,img_3867.bmp
40.4328994083,Female,0,img_3868.bmp
33.7772781065,Female,0,img_3869.bmp
36.7281632653,Male,0,img_3870.bmp
29.5546938776,Male,0,img_3871.bmp
46.1718896603,Male,0,img_3872.bmp
40.2355038469,Male,0,img_3873.bmp
31.4776119403,Female,0,img_3874.bmp
26.3096458008,Female,0,img_3875.bmp
47.4633487654,Male,0,img_3876.bmp
29.1560570988,Male,0,img_3877.bmp
56.5491898148,Male,0,img_3882.bmp
43.1238425926,Male,0,img_3883.bmp
45.6098615917,Male,0,img_3884.bmp
41.8090397924,Male,0,img_3885.bmp
36.6145833333,Male,0,img_3886.bmp
31.1902006173,Male,0,img_3887.bmp
33.1906367784,Male,0,img_3888.bmp
26.2178139258,Male,0,img_3889.bmp
37.3574879227,Female,0,img_3890.bmp
25.1018693552,Female,0,img_3891.bmp
34.1100591716,Female,0,img_3892.bmp
30.7822485207,Female,0,img_3893.bmp
42.9923555556,Male,0,img_3894.bmp
28.7448888889,Male,0,img_3895.bmp
45.4786809494,Male,0,img_3896.bmp
30.7128754463,Male,0,img_3897.bmp
33.2781065089,Female,0,img_3898.bmp
24.6257988166,Female,0,img_3899.bmp
37.7587890625,Female,0,img_3901.bmp
36.6347566575,Female,0,img_3902.bmp
26.9515610652,Female,0,img_3903.bmp
39.2837837838,Male,0,img_3904.bmp
29.7837837838,Male,0,img_3905.bmp
34.576122449,Female,0,img_3908.bmp
27.2591836735,Female,0,img_3909.bmp
38.9669942051,Female,0,img_3910.bmp
32.7676996725,Female,0,img_3911.bmp
28.1260813149,Female,0,img_3912.bmp
21.2846020761,Female,0,img_3913.bmp
44.2199265381,Female,0,img_3914.bmp
32.9228650138,Female,0,img_3915.bmp
36.7162162162,Male,0,img_3916.bmp
30.5540540541,Male,0,img_3917.bmp
22.6713249127,Female,0,img_3918.bmp
20.593120129,Female,0,img_3919.bmp
31.8215400624,Female,0,img_3920.bmp
35.7059478726,Male,0,img_3924.bmp
29.4417464914,Male,0,img_3925.bmp
32.4847721067,Male,0,img_3926.bmp
25.1018693552,Male,0,img_3927.bmp
26.6228558699,Male,0,img_3928.bmp
22.0813098686,Male,0,img_3929.bmp
29.6464100346,Female,0,img_3930.bmp
39.54375,Male,0,img_3932.bmp
26.3625,Male,0,img_3933.bmp
52.3060815326,Female,0,img_3934.bmp
31.9474270439,Female,0,img_3935.bmp
32.9979591837,Male,0,img_3936.bmp
25.8244897959,Male,0,img_3937.bmp
34.5519848771,Male,0,img_3938.bmp
24.6588951901,Male,0,img_3939.bmp
46.8249053241,Female,0,img_3940.bmp
33.6700824237,Female,0,img_3941.bmp
27.3167401806,Male,0,img_3942.bmp
25.1018693552,Male,0,img_3943.bmp
45.6168888889,Male,0,img_3944.bmp
35.6186666667,Male,0,img_3945.bmp
44.7511574074,Male,0,img_3946.bmp
23.7316743827,Male,0,img_3947.bmp
39.3267746914,Male,0,img_3948.bmp
28.7492283951,Male,0,img_3949.bmp
39.7776787703,Female,0,img_3950.bmp
34.9229226999,Female,0,img_3951.bmp
26.2539500144,Female,0,img_3952.bmp
22.2148807814,Female,0,img_3953.bmp
30.4175593363,Male,0,img_3954.bmp
24.5112371351,Male,0,img_3955.bmp
38.834068473,Male,0,img_3956.bmp
31.8941398866,Male,0,img_3957.bmp
20.9184685578,Male,0,img_3959.bmp
39.0478079746,Male,0,img_3960.bmp
24.4048799841,Male,0,img_3961.bmp
39.3267746914,Male,0,img_3962.bmp
29.1560570988,Male,0,img_3963.bmp
49.7607645453,Male,0,img_3964.bmp
34.5519848771,Male,0,img_3965.bmp
24.4772923875,Male,0,img_3968.bmp
24.0211937716,Male,0,img_3969.bmp
33.5134773892,Female,0,img_3972.bmp
35.8708496094,Male,0,img_3974.bmp
24.5432128906,Male,0,img_3975.bmp
37.4455102041,Male,0,img_3976.bmp
29.5546938776,Male,0,img_3977.bmp
41.3815789474,Male,0,img_3978.bmp
30.4276315789,Male,0,img_3979.bmp
31.7517089844,Female,0,img_3980.bmp
24.3715820312,Female,0,img_3981.bmp
26.6027832031,Female,0,img_3982.bmp
21.7971191406,Female,0,img_3983.bmp
46.1718896603,Male,0,img_3984.bmp
29.4180896979,Male,0,img_3985.bmp
48.5715332031,Female,0,img_3986.bmp
29.0056152344,Female,0,img_3987.bmp
40.7448096886,Male,0,img_3988.bmp
35.4236591696,Male,0,img_3989.bmp
40.7656804734,Female,0,img_3992.bmp
27.4544378698,Female,0,img_3993.bmp
37.3020408163,Male,0,img_3996.bmp
25.5375510204,Male,0,img_3997.bmp
41.2426666667,Male,0,img_3998.bmp
28.7448888889,Male,0,img_3999.bmp
43.5743801653,Female,0,img_4000.bmp
29.0495867769,Female,0,img_4001.bmp
40.0297304107,Female,0,img_4002.bmp
33.2990677753,Female,0,img_4003.bmp
34.2991180334,Male,0,img_4004.bmp
21.107149559,Male,0,img_4005.bmp
48.8097599683,Male,0,img_4006.bmp
38.3505256893,Male,0,img_4007.bmp
84.9848888889,Male,0,img_4008.bmp
41.8675555556,Male,0,img_4009.bmp
41.3314255983,Female,0,img_4010.bmp
36.7593652445,Female,0,img_4011.bmp
30.5502929688,Female,0,img_4012.bmp
22.4836425781,Female,0,img_4013.bmp
22.6713249127,Female,0,img_4014.bmp
19.8374092986,Female,0,img_4015.bmp
33.2243441358,Male,0,img_4016.bmp
27.7999614198,Male,0,img_4017.bmp
46.2162162162,Male,0,img_4020.bmp
31.7094594595,Male,0,img_4021.bmp
26.8702222222,Male,0,img_4022.bmp
24.3706666667,Male,0,img_4023.bmp
40.6018367347,Male,0,img_4024.bmp
33.8587755102,Male,0,img_4025.bmp
26.6057525952,Female,0,img_4026.bmp
22.044766436,Female,0,img_4027.bmp
35.0702947846,Female,0,img_4028.bmp
32.5905769715,Female,0,img_4029.bmp
43.0408163265,Female,0,img_4030.bmp
34.5389266818,Female,0,img_4031.bmp
66.5562130178,Male,0,img_4032.bmp
42.4295857988,Male,0,img_4033.bmp
33.9033589792,Male,0,img_4034.bmp
29.2861700131,Male,0,img_4035.bmp
35.6894923259,Male,0,img_4036.bmp
29.7610052285,Male,0,img_4037.bmp
40.4225,Female,0,img_4038.bmp
29.6822222222,Female,0,img_4039.bmp
61.6496786042,Female,0,img_4040.bmp
53.7417355372,Female,0,img_4041.bmp
44.0201558721,Female,0,img_4042.bmp
32.6844934157,Female,0,img_4043.bmp
43.2615384615,Female,0,img_4044.bmp
26.6224852071,Female,0,img_4045.bmp
27.3167401806,Male,0,img_4046.bmp
24.9542113001,Male,0,img_4047.bmp
38.0082179931,Male,0,img_4048.bmp
26.6057525952,Male,0,img_4049.bmp
48.1765654394,Female,0,img_4050.bmp
43.2644450417,Female,0,img_4051.bmp
38.665,Male,0,img_4052.bmp
35.15,Male,0,img_4053.bmp
53.5998739761,Female,0,img_4054.bmp
26.8737660155,Female,0,img_4055.bmp
41.186240258,Female,0,img_4056.bmp
28.3391561408,Female,0,img_4057.bmp
46.0693131695,Female,0,img_4058.bmp
34.5519848771,Female,0,img_4059.bmp
40.4328994083,Female,0,img_4060.bmp
32.1133727811,Female,0,img_4061.bmp
30.5586072664,Female,0,img_4062.bmp
25.0854238754,Female,0,img_4063.bmp
60.1057329895,Male,0,img_4064.bmp
57.7349732196,Male,0,img_4065.bmp
33.9023919753,Male,0,img_4066.bmp
26.9863040123,Male,0,img_4067.bmp
32.0044224766,Female,0,img_4068.bmp
24.6891259105,Female,0,img_4069.bmp
44.2199265381,Female,0,img_4070.bmp
34.3753443526,Female,0,img_4071.bmp
32.8870572511,Female,0,img_4072.bmp
21.924704834,Female,0,img_4073.bmp
26.5784499055,Male,0,img_4074.bmp
22.8869985297,Male,0,img_4075.bmp
34.006987369,Female,0,img_4076.bmp
28.9059392636,Female,0,img_4077.bmp
31.7464818315,Male,0,img_4078.bmp
22.7393404747,Male,0,img_4079.bmp
32.8734211234,Female,0,img_4080.bmp
21.3488309594,Female,0,img_4081.bmp
28.3627322199,Male,0,img_4082.bmp
25.7243385251,Male,0,img_4083.bmp
64.1899414062,Female,0,img_4084.bmp
47.7133789062,Female,0,img_4085.bmp
31.8820861678,Female,0,img_4086.bmp
18.9521289997,Female,0,img_4087.bmp
33.9033589792,Male,0,img_4088.bmp
28.4946519047,Male,0,img_4089.bmp
44.1930943892,Male,0,img_4090.bmp
24.4051416776,Male,0,img_4091.bmp
36.6145833333,Male,0,img_4092.bmp
30.9189814815,Male,0,img_4093.bmp
35.5050505051,Female,0,img_4094.bmp
25.8218549128,Female,0,img_4095.bmp
41.1396548304,Male,0,img_4096.bmp
29.285855981,Male,0,img_4097.bmp
31.3258101852,Female,0,img_4098.bmp
24.4097222222,Female,0,img_4099.bmp
32.573847182,Female,0,img_4100.bmp
21.4548897305,Female,0,img_4101.bmp
24.7813581315,Male,0,img_4102.bmp
23.5650951557,Male,0,img_4103.bmp
38.6169433594,Female,0,img_4106.bmp
28.3190917969,Female,0,img_4107.bmp
24.6293252595,Male,0,img_4108.bmp
22.8049307958,Male,0,img_4109.bmp
46.0693131695,Female,0,img_4110.bmp
37.5051459777,Female,0,img_4111.bmp
42.8208359588,Male,0,img_4112.bmp
35.4379332073,Male,0,img_4113.bmp
27.9073724008,Male,0,img_4114.bmp
23.6252888049,Male,0,img_4115.bmp
28.4069387755,Male,0,img_4116.bmp
24.2463265306,Male,0,img_4117.bmp
34.7476586889,Female,0,img_4118.bmp
25.237773153,Female,0,img_4119.bmp
32.2532894737,Male,0,img_4120.bmp
24.3421052632,Male,0,img_4121.bmp
30.4734471758,Male,0,img_4122.bmp
23.4817038844,Male,0,img_4123.bmp
57.387755102,Male,0,img_4124.bmp
27.2591836735,Male,0,img_4125.bmp
26.6228558699,Female,0,img_4126.bmp
21.2982846959,Female,0,img_4127.bmp
37.5852082869,Male,0,img_4128.bmp
30.6945867677,Male,0,img_4129.bmp
31.2368164062,Female,0,img_4130.bmp
22.6552734375,Female,0,img_4131.bmp
33.9436686391,Female,0,img_4132.bmp
31.1150295858,Female,0,img_4133.bmp
23.7075976989,Male,0,img_4134.bmp
22.7314024995,Male,0,img_4135.bmp
42.8208359588,Male,0,img_4136.bmp
35.4379332073,Male,0,img_4137.bmp
37.7926998611,Male,0,img_4138.bmp
28.8674866098,Male,0,img_4139.bmp
36.5764828304,Female,0,img_4140.bmp
26.517950052,Female,0,img_4141.bmp
20.0857142857,Female,0,img_4142.bmp
18.6510204082,Female,0,img_4143.bmp
41.8675555556,Male,0,img_4144.bmp
24.9955555556,Male,0,img_4145.bmp
40.6194571352,Female,0,img_4148.bmp
30.2284332169,Female,0,img_4149.bmp
40.9320710059,Female,0,img_4150.bmp
37.1050887574,Female,0,img_4151.bmp
27.3167401806,Male,0,img_4152.bmp
24.36357908,Male,0,img_4153.bmp
26.6027832031,Female,0,img_4154.bmp
22.3120117188,Female,0,img_4155.bmp
46.6350156087,Female,0,img_4156.bmp
40.2341311134,Female,0,img_4157.bmp
28.3190917969,Female,0,img_4158.bmp
25.9162597656,Female,0,img_4159.bmp
32.0789359862,Female,0,img_4160.bmp
27.0618512111,Female,0,img_4161.bmp
48.1413966049,Male,0,img_4162.bmp
40.9540895062,Male,0,img_4163.bmp
33.7153061224,Male,0,img_4164.bmp
25.8244897959,Male,0,img_4165.bmp
39.1671428571,Male,0,img_4166.bmp
30.1285714286,Male,0,img_4167.bmp
31.9474270439,Male,0,img_4169.bmp
38.2418981481,Male,0,img_4170.bmp
22.2399691358,Male,0,img_4171.bmp
40.6828703704,Male,0,img_4172.bmp
23.7316743827,Male,0,img_4173.bmp
26.4967268399,Male,0,img_4176.bmp
22.3130331283,Male,0,img_4177.bmp
49.9445800781,Female,0,img_4178.bmp
40.8481445312,Female,0,img_4179.bmp
85.9870605469,Female,0,img_4180.bmp
72.0849609375,Female,0,img_4181.bmp
44.3320408163,Male,0,img_4184.bmp
28.5504081633,Male,0,img_4185.bmp
35.6183148808,Male,0,img_4186.bmp
27.7031337962,Male,0,img_4187.bmp
35.3040540541,Male,0,img_4188.bmp
25.5472972973,Male,0,img_4189.bmp
51.6911764706,Female,0,img_4190.bmp
42.5692041522,Female,0,img_4191.bmp
36.2435555556,Male,0,img_4192.bmp
30.9944888889,Male,0,img_4193.bmp
31.6142011834,Female,0,img_4194.bmp
26.289704142,Female,0,img_4195.bmp
36.2435555556,Male,0,img_4196.bmp
28.7448888889,Male,0,img_4197.bmp
27.1216568047,Female,0,img_4198.bmp
24.9585798817,Female,0,img_4199.bmp
47.4671052632,Male,0,img_4200.bmp
34.0789473684,Male,0,img_4201.bmp
34.5647762747,Female,0,img_4202.bmp
27.4323621228,Female,0,img_4203.bmp
40.4928,Male,0,img_4204.bmp
34.6188444444,Male,0,img_4205.bmp
